filename,acq_id,split_original,split_grouped
train_augmented_Tuberculosis-47_0_7781.jpeg,Tuberculosis-47,train,train
train_augmented_Tuberculosis-492_0_6625.jpeg,Tuberculosis-492,train,train
train_augmented_Tuberculosis-493_0_5906.jpeg,Tuberculosis-493,train,train
train_augmented_Tuberculosis-483_0_9866.jpeg,Tuberculosis-483,train,test
train_augmented_Tuberculosis-495_0_3538.jpeg,Tuberculosis-495,test,train
train_augmented_Tuberculosis-487_0_2129.jpeg,Tuberculosis-487,test,train
train_augmented_Tuberculosis-497_0_5499.jpeg,Tuberculosis-497,train,test
train_augmented_Tuberculosis-467_0_16.jpeg,Tuberculosis-467,test,train
train_augmented_Tuberculosis-469_0_7849.jpeg,Tuberculosis-469,train,test
train_augmented_Tuberculosis-473_0_779.jpeg,Tuberculosis-473,test,test
train_augmented_Tuberculosis-49_0_9942.jpeg,Tuberculosis-49,train,test
train_augmented_Tuberculosis-468_0_8017.jpeg,Tuberculosis-468,train,train
train_augmented_Tuberculosis-476_0_4971.jpeg,Tuberculosis-476,train,test
train_augmented_Tuberculosis-48_0_3684.jpeg,Tuberculosis-48,train,train
train_augmented_Tuberculosis-495_0_9533.jpeg,Tuberculosis-495,train,train
train_augmented_Tuberculosis-484_0_2142.jpeg,Tuberculosis-484,train,test
train_augmented_Tuberculosis-470_0_1000.jpeg,Tuberculosis-470,val,test
train_augmented_Tuberculosis-493_0_9283.jpeg,Tuberculosis-493,train,train
train_augmented_Tuberculosis-472_0_7070.jpeg,Tuberculosis-472,train,train
train_augmented_Tuberculosis-489_0_7619.jpeg,Tuberculosis-489,val,train
train_augmented_Tuberculosis-474_0_5348.jpeg,Tuberculosis-474,test,test
train_augmented_Tuberculosis-494_0_3536.jpeg,Tuberculosis-494,train,train
train_augmented_Tuberculosis-498_0_7518.jpeg,Tuberculosis-498,test,test
train_augmented_Tuberculosis-477_0_2766.jpeg,Tuberculosis-477,train,val
train_augmented_Tuberculosis-485_0_1903.jpeg,Tuberculosis-485,train,test
train_augmented_Tuberculosis-470_0_789.jpeg,Tuberculosis-470,train,test
train_augmented_Tuberculosis-500_0_3570.jpeg,Tuberculosis-500,train,train
train_augmented_Tuberculosis-498_0_1454.jpeg,Tuberculosis-498,train,test
train_augmented_Tuberculosis-481_0_4056.jpeg,Tuberculosis-481,train,train
train_augmented_Tuberculosis-479_0_6224.jpeg,Tuberculosis-479,test,train
train_augmented_Tuberculosis-501_0_7188.jpeg,Tuberculosis-501,test,train
train_augmented_Tuberculosis-491_0_7809.jpeg,Tuberculosis-491,test,train
train_augmented_Tuberculosis-483_0_6149.jpeg,Tuberculosis-483,train,test
train_augmented_Tuberculosis-500_0_526.jpeg,Tuberculosis-500,train,train
train_augmented_Tuberculosis-46_0_8150.jpeg,Tuberculosis-46,train,test
train_augmented_Tuberculosis-500_0_1517.jpeg,Tuberculosis-500,train,train
train_augmented_Tuberculosis-493_0_6034.jpeg,Tuberculosis-493,train,train
train_augmented_Tuberculosis-479_0_9244.jpeg,Tuberculosis-479,test,train
train_augmented_Tuberculosis-487_0_4968.jpeg,Tuberculosis-487,test,train
train_augmented_Tuberculosis-476_0_6474.jpeg,Tuberculosis-476,train,test
train_augmented_Tuberculosis-4_0_3767.jpeg,Tuberculosis-4,train,train
train_augmented_Tuberculosis-494_0_9723.jpeg,Tuberculosis-494,train,train
train_augmented_Tuberculosis-478_0_6682.jpeg,Tuberculosis-478,val,train
train_augmented_Tuberculosis-485_0_2164.jpeg,Tuberculosis-485,train,test
train_augmented_Tuberculosis-467_0_1563.jpeg,Tuberculosis-467,train,train
train_augmented_Tuberculosis-486_0_4465.jpeg,Tuberculosis-486,val,test
train_augmented_Tuberculosis-503_0_1053.jpeg,Tuberculosis-503,test,train
train_augmented_Tuberculosis-502_0_7387.jpeg,Tuberculosis-502,train,train
train_augmented_Tuberculosis-487_0_6669.jpeg,Tuberculosis-487,train,train
train_augmented_Tuberculosis-480_0_6343.jpeg,Tuberculosis-480,test,val
train_augmented_Tuberculosis-485_0_7391.jpeg,Tuberculosis-485,train,test
train_augmented_Tuberculosis-486_0_2451.jpeg,Tuberculosis-486,train,test
train_augmented_Tuberculosis-471_0_2056.jpeg,Tuberculosis-471,test,val
train_augmented_Tuberculosis-496_0_5131.jpeg,Tuberculosis-496,train,val
train_augmented_Tuberculosis-46_0_4707.jpeg,Tuberculosis-46,val,test
train_augmented_Tuberculosis-489_0_2696.jpeg,Tuberculosis-489,train,train
train_augmented_Tuberculosis-481_0_8495.jpeg,Tuberculosis-481,train,train
train_augmented_Tuberculosis-475_0_4253.jpeg,Tuberculosis-475,train,test
train_augmented_Tuberculosis-47_0_8672.jpeg,Tuberculosis-47,train,train
train_augmented_Tuberculosis-488_0_690.jpeg,Tuberculosis-488,train,train
train_augmented_Tuberculosis-472_0_2266.jpeg,Tuberculosis-472,train,train
train_augmented_Tuberculosis-491_0_2830.jpeg,Tuberculosis-491,test,train
train_augmented_Tuberculosis-478_0_8437.jpeg,Tuberculosis-478,train,train
train_augmented_Tuberculosis-482_0_358.jpeg,Tuberculosis-482,train,train
train_augmented_Tuberculosis-489_0_2452.jpeg,Tuberculosis-489,train,train
train_augmented_Tuberculosis-469_0_5886.jpeg,Tuberculosis-469,train,test
train_augmented_Tuberculosis-497_0_4142.jpeg,Tuberculosis-497,train,test
train_augmented_Tuberculosis-472_0_9686.jpeg,Tuberculosis-472,train,train
train_augmented_Tuberculosis-499_0_6500.jpeg,Tuberculosis-499,train,test
train_augmented_Tuberculosis-502_0_2455.jpeg,Tuberculosis-502,train,train
train_augmented_Tuberculosis-495_0_6578.jpeg,Tuberculosis-495,train,train
train_augmented_Tuberculosis-476_0_8736.jpeg,Tuberculosis-476,train,test
train_augmented_Tuberculosis-475_0_3897.jpeg,Tuberculosis-475,train,test
train_augmented_Tuberculosis-501_0_7679.jpeg,Tuberculosis-501,train,train
train_augmented_Tuberculosis-490_0_4712.jpeg,Tuberculosis-490,train,test
train_augmented_Tuberculosis-492_0_5988.jpeg,Tuberculosis-492,train,train
train_augmented_Tuberculosis-474_0_8708.jpeg,Tuberculosis-474,train,test
train_augmented_Tuberculosis-498_0_165.jpeg,Tuberculosis-498,train,test
train_augmented_Tuberculosis-483_0_9613.jpeg,Tuberculosis-483,val,test
train_augmented_Tuberculosis-486_0_8233.jpeg,Tuberculosis-486,train,test
train_augmented_Tuberculosis-488_0_7753.jpeg,Tuberculosis-488,val,train
train_augmented_Tuberculosis-474_0_9107.jpeg,Tuberculosis-474,train,test
train_augmented_Tuberculosis-496_0_6184.jpeg,Tuberculosis-496,train,val
train_augmented_Tuberculosis-484_0_9043.jpeg,Tuberculosis-484,train,test
train_augmented_Tuberculosis-49_0_3346.jpeg,Tuberculosis-49,train,test
train_augmented_Tuberculosis-466_0_9333.jpeg,Tuberculosis-466,test,train
train_augmented_Tuberculosis-499_0_6557.jpeg,Tuberculosis-499,train,test
train_augmented_Tuberculosis-473_0_2851.jpeg,Tuberculosis-473,train,test
train_augmented_Tuberculosis-494_0_9293.jpeg,Tuberculosis-494,val,train
train_augmented_Tuberculosis-4_0_9615.jpeg,Tuberculosis-4,train,train
train_augmented_Tuberculosis-488_0_1002.jpeg,Tuberculosis-488,train,train
train_augmented_Tuberculosis-484_0_2159.jpeg,Tuberculosis-484,test,test
train_augmented_Tuberculosis-480_0_9167.jpeg,Tuberculosis-480,test,val
train_augmented_Tuberculosis-502_0_3660.jpeg,Tuberculosis-502,train,train
train_augmented_Tuberculosis-506_0_1973.jpeg,Tuberculosis-506,train,train
train_augmented_Tuberculosis-539_0_7583.jpeg,Tuberculosis-539,train,val
train_augmented_Tuberculosis-530_0_343.jpeg,Tuberculosis-530,train,train
train_augmented_Tuberculosis-50_0_1516.jpeg,Tuberculosis-50,train,test
train_augmented_Tuberculosis-526_0_1218.jpeg,Tuberculosis-526,train,train
train_augmented_Tuberculosis-519_0_5288.jpeg,Tuberculosis-519,train,train
train_augmented_Tuberculosis-510_0_9969.jpeg,Tuberculosis-510,train,test
train_augmented_Tuberculosis-527_0_5479.jpeg,Tuberculosis-527,train,train
train_augmented_Tuberculosis-538_0_8368.jpeg,Tuberculosis-538,train,train
train_augmented_Tuberculosis-511_0_4199.jpeg,Tuberculosis-511,val,train
train_augmented_Tuberculosis-531_0_2809.jpeg,Tuberculosis-531,test,test
train_augmented_Tuberculosis-510_0_913.jpeg,Tuberculosis-510,train,test
train_augmented_Tuberculosis-515_0_5944.jpeg,Tuberculosis-515,train,test
train_augmented_Tuberculosis-506_0_360.jpeg,Tuberculosis-506,train,train
train_augmented_Tuberculosis-504_0_7336.jpeg,Tuberculosis-504,train,test
train_augmented_Tuberculosis-515_0_6629.jpeg,Tuberculosis-515,train,test
train_augmented_Tuberculosis-539_0_5148.jpeg,Tuberculosis-539,train,val
train_augmented_Tuberculosis-524_0_5052.jpeg,Tuberculosis-524,train,val
train_augmented_Tuberculosis-51_0_9884.jpeg,Tuberculosis-51,val,train
train_augmented_Tuberculosis-522_0_7249.jpeg,Tuberculosis-522,train,train
train_augmented_Tuberculosis-537_0_4848.jpeg,Tuberculosis-537,train,train
train_augmented_Tuberculosis-509_0_8900.jpeg,Tuberculosis-509,train,val
train_augmented_Tuberculosis-516_0_7979.jpeg,Tuberculosis-516,train,val
train_augmented_Tuberculosis-512_0_6351.jpeg,Tuberculosis-512,train,test
train_augmented_Tuberculosis-50_0_6848.jpeg,Tuberculosis-50,val,test
train_augmented_Tuberculosis-505_0_1441.jpeg,Tuberculosis-505,train,train
train_augmented_Tuberculosis-529_0_6269.jpeg,Tuberculosis-529,train,test
train_augmented_Tuberculosis-521_0_2099.jpeg,Tuberculosis-521,train,val
train_augmented_Tuberculosis-516_0_7042.jpeg,Tuberculosis-516,train,val
train_augmented_Tuberculosis-519_0_6628.jpeg,Tuberculosis-519,train,train
train_augmented_Tuberculosis-52_0_4967.jpeg,Tuberculosis-52,test,train
train_augmented_Tuberculosis-531_0_8765.jpeg,Tuberculosis-531,train,test
train_augmented_Tuberculosis-521_0_9852.jpeg,Tuberculosis-521,train,val
train_augmented_Tuberculosis-51_0_1734.jpeg,Tuberculosis-51,train,train
train_augmented_Tuberculosis-518_0_9455.jpeg,Tuberculosis-518,train,train
train_augmented_Tuberculosis-524_0_9430.jpeg,Tuberculosis-524,val,val
train_augmented_Tuberculosis-520_0_2231.jpeg,Tuberculosis-520,train,test
train_augmented_Tuberculosis-511_0_6928.jpeg,Tuberculosis-511,test,train
train_augmented_Tuberculosis-528_0_5818.jpeg,Tuberculosis-528,train,val
train_augmented_Tuberculosis-534_0_4689.jpeg,Tuberculosis-534,train,train
train_augmented_Tuberculosis-523_0_9688.jpeg,Tuberculosis-523,train,test
train_augmented_Tuberculosis-530_0_2334.jpeg,Tuberculosis-530,train,train
train_augmented_Tuberculosis-513_0_3314.jpeg,Tuberculosis-513,train,test
train_augmented_Tuberculosis-508_0_4429.jpeg,Tuberculosis-508,train,train
train_augmented_Tuberculosis-531_0_6361.jpeg,Tuberculosis-531,train,test
train_augmented_Tuberculosis-503_0_5930.jpeg,Tuberculosis-503,train,train
train_augmented_Tuberculosis-513_0_6018.jpeg,Tuberculosis-513,train,test
train_augmented_Tuberculosis-535_0_861.jpeg,Tuberculosis-535,train,test
train_augmented_Tuberculosis-52_0_8268.jpeg,Tuberculosis-52,train,train
train_augmented_Tuberculosis-535_0_5836.jpeg,Tuberculosis-535,test,test
train_augmented_Tuberculosis-515_0_257.jpeg,Tuberculosis-515,train,test
train_augmented_Tuberculosis-527_0_5107.jpeg,Tuberculosis-527,train,train
train_augmented_Tuberculosis-533_0_3629.jpeg,Tuberculosis-533,train,train
train_augmented_Tuberculosis-533_0_3636.jpeg,Tuberculosis-533,test,train
train_augmented_Tuberculosis-526_0_2687.jpeg,Tuberculosis-526,test,train
train_augmented_Tuberculosis-517_0_7007.jpeg,Tuberculosis-517,train,train
train_augmented_Tuberculosis-514_0_3212.jpeg,Tuberculosis-514,test,train
train_augmented_Tuberculosis-529_0_9028.jpeg,Tuberculosis-529,train,test
train_augmented_Tuberculosis-508_0_6741.jpeg,Tuberculosis-508,test,train
train_augmented_Tuberculosis-525_0_4688.jpeg,Tuberculosis-525,train,train
train_augmented_Tuberculosis-513_0_2628.jpeg,Tuberculosis-513,train,test
train_augmented_Tuberculosis-512_0_6839.jpeg,Tuberculosis-512,train,test
train_augmented_Tuberculosis-536_0_9476.jpeg,Tuberculosis-536,train,train
train_augmented_Tuberculosis-522_0_8113.jpeg,Tuberculosis-522,test,train
train_augmented_Tuberculosis-535_0_1239.jpeg,Tuberculosis-535,train,test
train_augmented_Tuberculosis-505_0_5295.jpeg,Tuberculosis-505,train,train
train_augmented_Tuberculosis-532_0_1630.jpeg,Tuberculosis-532,val,test
train_augmented_Tuberculosis-534_0_8054.jpeg,Tuberculosis-534,val,train
train_augmented_Tuberculosis-523_0_2896.jpeg,Tuberculosis-523,train,test
train_augmented_Tuberculosis-52_0_1917.jpeg,Tuberculosis-52,train,train
train_augmented_Tuberculosis-508_0_8059.jpeg,Tuberculosis-508,train,train
train_augmented_Tuberculosis-527_0_7934.jpeg,Tuberculosis-527,val,train
train_augmented_Tuberculosis-517_0_2792.jpeg,Tuberculosis-517,train,train
train_augmented_Tuberculosis-53_0_4882.jpeg,Tuberculosis-53,test,train
train_augmented_Tuberculosis-51_0_6634.jpeg,Tuberculosis-51,test,train
train_augmented_Tuberculosis-518_0_6781.jpeg,Tuberculosis-518,train,train
train_augmented_Tuberculosis-53_0_8388.jpeg,Tuberculosis-53,train,train
train_augmented_Tuberculosis-528_0_5260.jpeg,Tuberculosis-528,test,val
train_augmented_Tuberculosis-539_0_1107.jpeg,Tuberculosis-539,train,val
train_augmented_Tuberculosis-528_0_3135.jpeg,Tuberculosis-528,train,val
train_augmented_Tuberculosis-529_0_7865.jpeg,Tuberculosis-529,train,test
train_augmented_Tuberculosis-512_0_1194.jpeg,Tuberculosis-512,test,test
train_augmented_Tuberculosis-505_0_4325.jpeg,Tuberculosis-505,test,train
train_augmented_Tuberculosis-507_0_8082.jpeg,Tuberculosis-507,train,train
train_augmented_Tuberculosis-526_0_3075.jpeg,Tuberculosis-526,train,train
train_augmented_Tuberculosis-536_0_8319.jpeg,Tuberculosis-536,train,train
train_augmented_Tuberculosis-533_0_2268.jpeg,Tuberculosis-533,train,train
train_augmented_Tuberculosis-530_0_3236.jpeg,Tuberculosis-530,train,train
train_augmented_Tuberculosis-538_0_9075.jpeg,Tuberculosis-538,train,train
train_augmented_Tuberculosis-506_0_495.jpeg,Tuberculosis-506,test,train
train_augmented_Tuberculosis-517_0_8945.jpeg,Tuberculosis-517,train,train
train_augmented_Tuberculosis-522_0_7663.jpeg,Tuberculosis-522,train,train
train_augmented_Tuberculosis-503_0_7242.jpeg,Tuberculosis-503,train,train
train_augmented_Tuberculosis-510_0_4571.jpeg,Tuberculosis-510,train,test
train_augmented_Tuberculosis-518_0_9168.jpeg,Tuberculosis-518,test,train
train_augmented_Tuberculosis-50_0_4252.jpeg,Tuberculosis-50,train,test
train_augmented_Tuberculosis-521_0_3383.jpeg,Tuberculosis-521,test,val
train_augmented_Tuberculosis-507_0_5297.jpeg,Tuberculosis-507,train,train
train_augmented_Tuberculosis-511_0_9521.jpeg,Tuberculosis-511,test,train
train_augmented_Tuberculosis-514_0_2366.jpeg,Tuberculosis-514,test,train
train_augmented_Tuberculosis-509_0_9095.jpeg,Tuberculosis-509,train,val
train_augmented_Tuberculosis-537_0_828.jpeg,Tuberculosis-537,train,train
train_augmented_Tuberculosis-536_0_7184.jpeg,Tuberculosis-536,train,train
train_augmented_Tuberculosis-537_0_5037.jpeg,Tuberculosis-537,test,train
train_augmented_Tuberculosis-53_0_1765.jpeg,Tuberculosis-53,test,train
train_augmented_Tuberculosis-519_0_1611.jpeg,Tuberculosis-519,train,train
train_augmented_Tuberculosis-523_0_4565.jpeg,Tuberculosis-523,train,test
train_augmented_Tuberculosis-534_0_3212.jpeg,Tuberculosis-534,train,train
train_augmented_Tuberculosis-525_0_3974.jpeg,Tuberculosis-525,val,train
train_augmented_Tuberculosis-516_0_6036.jpeg,Tuberculosis-516,val,val
train_augmented_Tuberculosis-520_0_4648.jpeg,Tuberculosis-520,train,test
train_augmented_Tuberculosis-532_0_3978.jpeg,Tuberculosis-532,train,test
train_augmented_Tuberculosis-504_0_491.jpeg,Tuberculosis-504,test,test
train_augmented_Tuberculosis-514_0_4661.jpeg,Tuberculosis-514,train,train
train_augmented_Tuberculosis-504_0_9129.jpeg,Tuberculosis-504,val,test
train_augmented_Tuberculosis-520_0_7080.jpeg,Tuberculosis-520,train,test
train_augmented_Tuberculosis-509_0_7242.jpeg,Tuberculosis-509,test,val
train_augmented_Tuberculosis-525_0_6801.jpeg,Tuberculosis-525,train,train
train_augmented_Tuberculosis-538_0_8165.jpeg,Tuberculosis-538,train,train
train_augmented_Tuberculosis-532_0_9669.jpeg,Tuberculosis-532,test,test
train_augmented_Tuberculosis-507_0_7939.jpeg,Tuberculosis-507,val,train
train_augmented_Tuberculosis-524_0_7.jpeg,Tuberculosis-524,train,val
train_augmented_Tuberculosis-549_0_5950.jpeg,Tuberculosis-549,test,train
train_augmented_Tuberculosis-564_0_4963.jpeg,Tuberculosis-564,train,train
train_augmented_Tuberculosis-558_0_9751.jpeg,Tuberculosis-558,test,train
train_augmented_Tuberculosis-573_0_1940.jpeg,Tuberculosis-573,train,train
train_augmented_Tuberculosis-572_0_1493.jpeg,Tuberculosis-572,train,train
train_augmented_Tuberculosis-575_0_5507.jpeg,Tuberculosis-575,val,test
train_augmented_Tuberculosis-561_0_5358.jpeg,Tuberculosis-561,train,train
train_augmented_Tuberculosis-568_0_5190.jpeg,Tuberculosis-568,train,test
train_augmented_Tuberculosis-561_0_5988.jpeg,Tuberculosis-561,train,train
train_augmented_Tuberculosis-554_0_7588.jpeg,Tuberculosis-554,train,train
train_augmented_Tuberculosis-541_0_8809.jpeg,Tuberculosis-541,train,test
train_augmented_Tuberculosis-568_0_2192.jpeg,Tuberculosis-568,train,test
train_augmented_Tuberculosis-552_0_1739.jpeg,Tuberculosis-552,val,test
train_augmented_Tuberculosis-56_0_3214.jpeg,Tuberculosis-56,val,train
train_augmented_Tuberculosis-547_0_6110.jpeg,Tuberculosis-547,val,test
train_augmented_Tuberculosis-555_0_4966.jpeg,Tuberculosis-555,train,train
train_augmented_Tuberculosis-54_0_7604.jpeg,Tuberculosis-54,test,test
train_augmented_Tuberculosis-547_0_2097.jpeg,Tuberculosis-547,val,test
train_augmented_Tuberculosis-563_0_472.jpeg,Tuberculosis-563,val,train
train_augmented_Tuberculosis-553_0_9244.jpeg,Tuberculosis-553,train,val
train_augmented_Tuberculosis-543_0_2808.jpeg,Tuberculosis-543,train,train
train_augmented_Tuberculosis-558_0_4995.jpeg,Tuberculosis-558,train,train
train_augmented_Tuberculosis-575_0_1990.jpeg,Tuberculosis-575,test,test
train_augmented_Tuberculosis-567_0_9911.jpeg,Tuberculosis-567,train,test
train_augmented_Tuberculosis-546_0_3871.jpeg,Tuberculosis-546,test,train
train_augmented_Tuberculosis-546_0_9887.jpeg,Tuberculosis-546,train,train
train_augmented_Tuberculosis-562_0_1738.jpeg,Tuberculosis-562,val,train
train_augmented_Tuberculosis-567_0_5832.jpeg,Tuberculosis-567,train,test
train_augmented_Tuberculosis-557_0_2448.jpeg,Tuberculosis-557,test,val
train_augmented_Tuberculosis-571_0_7371.jpeg,Tuberculosis-571,test,val
train_augmented_Tuberculosis-557_0_9259.jpeg,Tuberculosis-557,test,val
train_augmented_Tuberculosis-547_0_5829.jpeg,Tuberculosis-547,train,test
train_augmented_Tuberculosis-551_0_6012.jpeg,Tuberculosis-551,train,train
train_augmented_Tuberculosis-548_0_9752.jpeg,Tuberculosis-548,train,test
train_augmented_Tuberculosis-55_0_6871.jpeg,Tuberculosis-55,val,train
train_augmented_Tuberculosis-540_0_5636.jpeg,Tuberculosis-540,train,val
train_augmented_Tuberculosis-552_0_8924.jpeg,Tuberculosis-552,test,test
train_augmented_Tuberculosis-553_0_9319.jpeg,Tuberculosis-553,train,val
train_augmented_Tuberculosis-559_0_9841.jpeg,Tuberculosis-559,train,val
train_augmented_Tuberculosis-550_0_1623.jpeg,Tuberculosis-550,train,train
train_augmented_Tuberculosis-544_0_7707.jpeg,Tuberculosis-544,train,test
train_augmented_Tuberculosis-565_0_6256.jpeg,Tuberculosis-565,test,train
train_augmented_Tuberculosis-558_0_9284.jpeg,Tuberculosis-558,train,train
train_augmented_Tuberculosis-560_0_3377.jpeg,Tuberculosis-560,train,test
train_augmented_Tuberculosis-567_0_4190.jpeg,Tuberculosis-567,train,test
train_augmented_Tuberculosis-563_0_1242.jpeg,Tuberculosis-563,val,train
train_augmented_Tuberculosis-550_0_3540.jpeg,Tuberculosis-550,train,train
train_augmented_Tuberculosis-542_0_1566.jpeg,Tuberculosis-542,train,val
train_augmented_Tuberculosis-551_0_4720.jpeg,Tuberculosis-551,train,train
train_augmented_Tuberculosis-556_0_6087.jpeg,Tuberculosis-556,train,train
train_augmented_Tuberculosis-544_0_5982.jpeg,Tuberculosis-544,test,test
train_augmented_Tuberculosis-541_0_1603.jpeg,Tuberculosis-541,train,test
train_augmented_Tuberculosis-566_0_8731.jpeg,Tuberculosis-566,train,train
train_augmented_Tuberculosis-557_0_5397.jpeg,Tuberculosis-557,train,val
train_augmented_Tuberculosis-573_0_3428.jpeg,Tuberculosis-573,test,train
train_augmented_Tuberculosis-575_0_7761.jpeg,Tuberculosis-575,train,test
train_augmented_Tuberculosis-555_0_739.jpeg,Tuberculosis-555,train,train
train_augmented_Tuberculosis-570_0_5160.jpeg,Tuberculosis-570,train,train
train_augmented_Tuberculosis-549_0_3390.jpeg,Tuberculosis-549,test,train
train_augmented_Tuberculosis-562_0_7308.jpeg,Tuberculosis-562,train,train
train_augmented_Tuberculosis-554_0_2458.jpeg,Tuberculosis-554,train,train
train_augmented_Tuberculosis-549_0_1196.jpeg,Tuberculosis-549,train,train
train_augmented_Tuberculosis-572_0_7544.jpeg,Tuberculosis-572,train,train
train_augmented_Tuberculosis-563_0_1093.jpeg,Tuberculosis-563,val,train
train_augmented_Tuberculosis-550_0_4717.jpeg,Tuberculosis-550,train,train
train_augmented_Tuberculosis-555_0_2161.jpeg,Tuberculosis-555,train,train
train_augmented_Tuberculosis-571_0_2926.jpeg,Tuberculosis-571,test,val
train_augmented_Tuberculosis-553_0_5987.jpeg,Tuberculosis-553,train,val
train_augmented_Tuberculosis-559_0_4471.jpeg,Tuberculosis-559,train,val
train_augmented_Tuberculosis-564_0_6283.jpeg,Tuberculosis-564,test,train
train_augmented_Tuberculosis-545_0_246.jpeg,Tuberculosis-545,train,train
train_augmented_Tuberculosis-545_0_7183.jpeg,Tuberculosis-545,test,train
train_augmented_Tuberculosis-574_0_3867.jpeg,Tuberculosis-574,train,test
train_augmented_Tuberculosis-551_0_6051.jpeg,Tuberculosis-551,test,train
train_augmented_Tuberculosis-571_0_5002.jpeg,Tuberculosis-571,train,val
train_augmented_Tuberculosis-562_0_3520.jpeg,Tuberculosis-562,train,train
train_augmented_Tuberculosis-564_0_3910.jpeg,Tuberculosis-564,train,train
train_augmented_Tuberculosis-569_0_8879.jpeg,Tuberculosis-569,test,train
train_augmented_Tuberculosis-560_0_3022.jpeg,Tuberculosis-560,train,test
train_augmented_Tuberculosis-540_0_8013.jpeg,Tuberculosis-540,train,val
train_augmented_Tuberculosis-55_0_974.jpeg,Tuberculosis-55,train,train
train_augmented_Tuberculosis-56_0_1802.jpeg,Tuberculosis-56,train,train
train_augmented_Tuberculosis-552_0_8044.jpeg,Tuberculosis-552,train,test
train_augmented_Tuberculosis-542_0_2195.jpeg,Tuberculosis-542,train,val
train_augmented_Tuberculosis-566_0_3019.jpeg,Tuberculosis-566,train,train
train_augmented_Tuberculosis-556_0_4117.jpeg,Tuberculosis-556,train,train
train_augmented_Tuberculosis-544_0_3794.jpeg,Tuberculosis-544,val,test
train_augmented_Tuberculosis-541_0_6512.jpeg,Tuberculosis-541,val,test
train_augmented_Tuberculosis-570_0_6735.jpeg,Tuberculosis-570,test,train
train_augmented_Tuberculosis-570_0_1967.jpeg,Tuberculosis-570,test,train
train_augmented_Tuberculosis-540_0_5643.jpeg,Tuberculosis-540,test,val
train_augmented_Tuberculosis-554_0_3043.jpeg,Tuberculosis-554,train,train
train_augmented_Tuberculosis-543_0_415.jpeg,Tuberculosis-543,train,train
train_augmented_Tuberculosis-548_0_8019.jpeg,Tuberculosis-548,test,test
train_augmented_Tuberculosis-573_0_3675.jpeg,Tuberculosis-573,val,train
train_augmented_Tuberculosis-565_0_169.jpeg,Tuberculosis-565,train,train
train_augmented_Tuberculosis-542_0_8344.jpeg,Tuberculosis-542,train,val
train_augmented_Tuberculosis-572_0_1676.jpeg,Tuberculosis-572,train,train
train_augmented_Tuberculosis-574_0_9148.jpeg,Tuberculosis-574,train,test
train_augmented_Tuberculosis-566_0_8800.jpeg,Tuberculosis-566,train,train
train_augmented_Tuberculosis-546_0_8950.jpeg,Tuberculosis-546,train,train
train_augmented_Tuberculosis-545_0_4253.jpeg,Tuberculosis-545,train,train
train_augmented_Tuberculosis-565_0_3401.jpeg,Tuberculosis-565,train,train
train_augmented_Tuberculosis-55_0_4990.jpeg,Tuberculosis-55,train,train
train_augmented_Tuberculosis-568_0_6346.jpeg,Tuberculosis-568,test,test
train_augmented_Tuberculosis-56_0_4317.jpeg,Tuberculosis-56,train,train
train_augmented_Tuberculosis-574_0_7446.jpeg,Tuberculosis-574,train,test
train_augmented_Tuberculosis-556_0_6373.jpeg,Tuberculosis-556,train,train
train_augmented_Tuberculosis-548_0_5347.jpeg,Tuberculosis-548,train,test
train_augmented_Tuberculosis-54_0_5664.jpeg,Tuberculosis-54,train,test
train_augmented_Tuberculosis-560_0_6470.jpeg,Tuberculosis-560,train,test
train_augmented_Tuberculosis-569_0_4841.jpeg,Tuberculosis-569,train,train
train_augmented_Tuberculosis-543_0_3532.jpeg,Tuberculosis-543,val,train
train_augmented_Tuberculosis-561_0_1481.jpeg,Tuberculosis-561,test,train
train_augmented_Tuberculosis-569_0_3239.jpeg,Tuberculosis-569,test,train
train_augmented_Tuberculosis-559_0_2835.jpeg,Tuberculosis-559,train,val
train_augmented_Tuberculosis-54_0_565.jpeg,Tuberculosis-54,test,test
train_augmented_Tuberculosis-608_0_1615.jpeg,Tuberculosis-608,train,train
train_augmented_Tuberculosis-588_0_2932.jpeg,Tuberculosis-588,test,train
train_augmented_Tuberculosis-583_0_823.jpeg,Tuberculosis-583,train,train
train_augmented_Tuberculosis-594_0_6608.jpeg,Tuberculosis-594,train,train
train_augmented_Tuberculosis-5_0_3564.jpeg,Tuberculosis-5,train,train
train_augmented_Tuberculosis-584_0_9001.jpeg,Tuberculosis-584,test,train
train_augmented_Tuberculosis-58_0_4991.jpeg,Tuberculosis-58,test,train
train_augmented_Tuberculosis-590_0_9235.jpeg,Tuberculosis-590,train,train
train_augmented_Tuberculosis-584_0_847.jpeg,Tuberculosis-584,train,train
train_augmented_Tuberculosis-601_0_2244.jpeg,Tuberculosis-601,train,train
train_augmented_Tuberculosis-599_0_3464.jpeg,Tuberculosis-599,test,train
train_augmented_Tuberculosis-615_0_6673.jpeg,Tuberculosis-615,train,val
train_augmented_Tuberculosis-589_0_7877.jpeg,Tuberculosis-589,train,train
train_augmented_Tuberculosis-611_0_7451.jpeg,Tuberculosis-611,train,train
train_augmented_Tuberculosis-610_0_2347.jpeg,Tuberculosis-610,test,train
train_augmented_Tuberculosis-600_0_3822.jpeg,Tuberculosis-600,train,train
train_augmented_Tuberculosis-586_0_338.jpeg,Tuberculosis-586,train,train
train_augmented_Tuberculosis-585_0_8022.jpeg,Tuberculosis-585,train,test
train_augmented_Tuberculosis-579_0_7060.jpeg,Tuberculosis-579,train,test
train_augmented_Tuberculosis-580_0_1655.jpeg,Tuberculosis-580,train,train
train_augmented_Tuberculosis-591_0_3174.jpeg,Tuberculosis-591,train,test
train_augmented_Tuberculosis-589_0_689.jpeg,Tuberculosis-589,train,train
train_augmented_Tuberculosis-582_0_7935.jpeg,Tuberculosis-582,train,train
train_augmented_Tuberculosis-611_0_370.jpeg,Tuberculosis-611,test,train
train_augmented_Tuberculosis-597_0_8645.jpeg,Tuberculosis-597,train,train
train_augmented_Tuberculosis-602_0_7373.jpeg,Tuberculosis-602,train,train
train_augmented_Tuberculosis-612_0_8981.jpeg,Tuberculosis-612,train,train
train_augmented_Tuberculosis-615_0_7617.jpeg,Tuberculosis-615,test,val
train_augmented_Tuberculosis-609_0_3855.jpeg,Tuberculosis-609,train,train
train_augmented_Tuberculosis-599_0_9901.jpeg,Tuberculosis-599,train,train
train_augmented_Tuberculosis-580_0_4247.jpeg,Tuberculosis-580,val,train
train_augmented_Tuberculosis-607_0_9687.jpeg,Tuberculosis-607,test,val
train_augmented_Tuberculosis-601_0_5748.jpeg,Tuberculosis-601,train,train
train_augmented_Tuberculosis-603_0_4297.jpeg,Tuberculosis-603,test,val
train_augmented_Tuberculosis-604_0_8929.jpeg,Tuberculosis-604,train,train
train_augmented_Tuberculosis-592_0_3156.jpeg,Tuberculosis-592,train,test
train_augmented_Tuberculosis-605_0_357.jpeg,Tuberculosis-605,train,val
train_augmented_Tuberculosis-608_0_1712.jpeg,Tuberculosis-608,test,train
train_augmented_Tuberculosis-60_0_4003.jpeg,Tuberculosis-60,test,train
train_augmented_Tuberculosis-578_0_5774.jpeg,Tuberculosis-578,test,train
train_augmented_Tuberculosis-576_0_3027.jpeg,Tuberculosis-576,train,train
train_augmented_Tuberculosis-596_0_7036.jpeg,Tuberculosis-596,train,train
train_augmented_Tuberculosis-578_0_3689.jpeg,Tuberculosis-578,val,train
train_augmented_Tuberculosis-581_0_5208.jpeg,Tuberculosis-581,train,train
train_augmented_Tuberculosis-587_0_4881.jpeg,Tuberculosis-587,train,train
train_augmented_Tuberculosis-603_0_1469.jpeg,Tuberculosis-603,train,val
train_augmented_Tuberculosis-614_0_6789.jpeg,Tuberculosis-614,train,test
train_augmented_Tuberculosis-609_0_5363.jpeg,Tuberculosis-609,train,train
train_augmented_Tuberculosis-598_0_6336.jpeg,Tuberculosis-598,test,train
train_augmented_Tuberculosis-611_0_2521.jpeg,Tuberculosis-611,train,train
train_augmented_Tuberculosis-614_0_157.jpeg,Tuberculosis-614,train,test
train_augmented_Tuberculosis-594_0_5663.jpeg,Tuberculosis-594,train,train
train_augmented_Tuberculosis-577_0_8032.jpeg,Tuberculosis-577,val,test
train_augmented_Tuberculosis-578_0_7568.jpeg,Tuberculosis-578,test,train
train_augmented_Tuberculosis-579_0_5157.jpeg,Tuberculosis-579,train,test
train_augmented_Tuberculosis-590_0_1923.jpeg,Tuberculosis-590,train,train
train_augmented_Tuberculosis-601_0_1839.jpeg,Tuberculosis-601,test,train
train_augmented_Tuberculosis-613_0_8587.jpeg,Tuberculosis-613,train,train
train_augmented_Tuberculosis-587_0_753.jpeg,Tuberculosis-587,train,train
train_augmented_Tuberculosis-588_0_2272.jpeg,Tuberculosis-588,val,train
train_augmented_Tuberculosis-593_0_477.jpeg,Tuberculosis-593,train,train
train_augmented_Tuberculosis-592_0_1662.jpeg,Tuberculosis-592,train,test
train_augmented_Tuberculosis-581_0_9990.jpeg,Tuberculosis-581,train,train
train_augmented_Tuberculosis-595_0_5666.jpeg,Tuberculosis-595,train,test
train_augmented_Tuberculosis-58_0_8507.jpeg,Tuberculosis-58,train,train
train_augmented_Tuberculosis-613_0_5932.jpeg,Tuberculosis-613,train,train
train_augmented_Tuberculosis-606_0_7933.jpeg,Tuberculosis-606,train,test
train_augmented_Tuberculosis-592_0_2880.jpeg,Tuberculosis-592,train,test
train_augmented_Tuberculosis-5_0_2281.jpeg,Tuberculosis-5,train,train
train_augmented_Tuberculosis-612_0_7316.jpeg,Tuberculosis-612,test,train
train_augmented_Tuberculosis-604_0_8511.jpeg,Tuberculosis-604,train,train
train_augmented_Tuberculosis-590_0_2523.jpeg,Tuberculosis-590,test,train
train_augmented_Tuberculosis-581_0_3090.jpeg,Tuberculosis-581,train,train
train_augmented_Tuberculosis-576_0_357.jpeg,Tuberculosis-576,train,train
train_augmented_Tuberculosis-600_0_332.jpeg,Tuberculosis-600,train,train
train_augmented_Tuberculosis-580_0_6259.jpeg,Tuberculosis-580,val,train
train_augmented_Tuberculosis-586_0_2779.jpeg,Tuberculosis-586,train,train
train_augmented_Tuberculosis-596_0_9255.jpeg,Tuberculosis-596,train,train
train_augmented_Tuberculosis-610_0_1034.jpeg,Tuberculosis-610,test,train
train_augmented_Tuberculosis-607_0_5168.jpeg,Tuberculosis-607,val,val
train_augmented_Tuberculosis-591_0_4333.jpeg,Tuberculosis-591,train,test
train_augmented_Tuberculosis-579_0_3175.jpeg,Tuberculosis-579,train,test
train_augmented_Tuberculosis-608_0_501.jpeg,Tuberculosis-608,test,train
train_augmented_Tuberculosis-598_0_7918.jpeg,Tuberculosis-598,train,train
train_augmented_Tuberculosis-59_0_7616.jpeg,Tuberculosis-59,train,train
train_augmented_Tuberculosis-586_0_2952.jpeg,Tuberculosis-586,test,train
train_augmented_Tuberculosis-584_0_8917.jpeg,Tuberculosis-584,val,train
train_augmented_Tuberculosis-605_0_8056.jpeg,Tuberculosis-605,train,val
train_augmented_Tuberculosis-612_0_451.jpeg,Tuberculosis-612,train,train
train_augmented_Tuberculosis-587_0_7523.jpeg,Tuberculosis-587,train,train
train_augmented_Tuberculosis-583_0_5822.jpeg,Tuberculosis-583,val,train
train_augmented_Tuberculosis-577_0_2452.jpeg,Tuberculosis-577,val,test
train_augmented_Tuberculosis-606_0_1292.jpeg,Tuberculosis-606,test,test
train_augmented_Tuberculosis-603_0_5073.jpeg,Tuberculosis-603,train,val
train_augmented_Tuberculosis-585_0_5382.jpeg,Tuberculosis-585,train,test
train_augmented_Tuberculosis-606_0_7264.jpeg,Tuberculosis-606,train,test
train_augmented_Tuberculosis-597_0_4986.jpeg,Tuberculosis-597,test,train
train_augmented_Tuberculosis-583_0_9638.jpeg,Tuberculosis-583,train,train
train_augmented_Tuberculosis-596_0_3720.jpeg,Tuberculosis-596,train,train
train_augmented_Tuberculosis-595_0_9936.jpeg,Tuberculosis-595,train,test
train_augmented_Tuberculosis-59_0_8612.jpeg,Tuberculosis-59,train,train
train_augmented_Tuberculosis-605_0_1742.jpeg,Tuberculosis-605,test,val
train_augmented_Tuberculosis-588_0_5677.jpeg,Tuberculosis-588,train,train
train_augmented_Tuberculosis-593_0_8113.jpeg,Tuberculosis-593,train,train
train_augmented_Tuberculosis-595_0_1258.jpeg,Tuberculosis-595,train,test
train_augmented_Tuberculosis-604_0_4933.jpeg,Tuberculosis-604,val,train
train_augmented_Tuberculosis-585_0_2743.jpeg,Tuberculosis-585,test,test
train_augmented_Tuberculosis-614_0_470.jpeg,Tuberculosis-614,train,test
train_augmented_Tuberculosis-577_0_4302.jpeg,Tuberculosis-577,test,test
train_augmented_Tuberculosis-613_0_24.jpeg,Tuberculosis-613,train,train
train_augmented_Tuberculosis-57_0_2998.jpeg,Tuberculosis-57,train,train
train_augmented_Tuberculosis-576_0_5701.jpeg,Tuberculosis-576,train,train
train_augmented_Tuberculosis-60_0_6664.jpeg,Tuberculosis-60,train,train
train_augmented_Tuberculosis-58_0_1514.jpeg,Tuberculosis-58,train,train
train_augmented_Tuberculosis-597_0_5957.jpeg,Tuberculosis-597,train,train
train_augmented_Tuberculosis-582_0_6361.jpeg,Tuberculosis-582,test,train
train_augmented_Tuberculosis-600_0_2918.jpeg,Tuberculosis-600,val,train
train_augmented_Tuberculosis-602_0_413.jpeg,Tuberculosis-602,train,train
train_augmented_Tuberculosis-59_0_7888.jpeg,Tuberculosis-59,train,train
train_augmented_Tuberculosis-5_0_450.jpeg,Tuberculosis-5,test,train
train_augmented_Tuberculosis-607_0_5206.jpeg,Tuberculosis-607,train,val
train_augmented_Tuberculosis-609_0_2308.jpeg,Tuberculosis-609,train,train
train_augmented_Tuberculosis-591_0_9135.jpeg,Tuberculosis-591,train,test
train_augmented_Tuberculosis-598_0_635.jpeg,Tuberculosis-598,train,train
train_augmented_Tuberculosis-582_0_2245.jpeg,Tuberculosis-582,train,train
train_augmented_Tuberculosis-602_0_9219.jpeg,Tuberculosis-602,train,train
train_augmented_Tuberculosis-589_0_9763.jpeg,Tuberculosis-589,train,train
train_augmented_Tuberculosis-593_0_1165.jpeg,Tuberculosis-593,train,train
train_augmented_Tuberculosis-57_0_9597.jpeg,Tuberculosis-57,train,train
train_augmented_Tuberculosis-60_0_6662.jpeg,Tuberculosis-60,train,train
train_augmented_Tuberculosis-610_0_4714.jpeg,Tuberculosis-610,train,train
train_augmented_Tuberculosis-599_0_6365.jpeg,Tuberculosis-599,train,train
train_augmented_Tuberculosis-594_0_6752.jpeg,Tuberculosis-594,train,train
train_augmented_Tuberculosis-57_0_8606.jpeg,Tuberculosis-57,test,train
train_augmented_Tuberculosis-639_0_4588.jpeg,Tuberculosis-639,val,train
train_augmented_Tuberculosis-631_0_2051.jpeg,Tuberculosis-631,train,train
train_augmented_Tuberculosis-616_0_8843.jpeg,Tuberculosis-616,test,val
train_augmented_Tuberculosis-622_0_1234.jpeg,Tuberculosis-622,train,train
train_augmented_Tuberculosis-618_0_203.jpeg,Tuberculosis-618,val,train
train_augmented_Tuberculosis-635_0_325.jpeg,Tuberculosis-635,train,test
train_augmented_Tuberculosis-626_0_6093.jpeg,Tuberculosis-626,train,train
train_augmented_Tuberculosis-636_0_6629.jpeg,Tuberculosis-636,train,train
train_augmented_Tuberculosis-638_0_2710.jpeg,Tuberculosis-638,train,test
train_augmented_Tuberculosis-622_0_7403.jpeg,Tuberculosis-622,train,train
train_augmented_Tuberculosis-641_0_3464.jpeg,Tuberculosis-641,train,test
train_augmented_Tuberculosis-616_0_6581.jpeg,Tuberculosis-616,train,val
train_augmented_Tuberculosis-641_0_491.jpeg,Tuberculosis-641,train,test
train_augmented_Tuberculosis-624_0_9331.jpeg,Tuberculosis-624,train,train
train_augmented_Tuberculosis-638_0_3454.jpeg,Tuberculosis-638,train,test
train_augmented_Tuberculosis-632_0_8507.jpeg,Tuberculosis-632,test,val
train_augmented_Tuberculosis-646_0_4084.jpeg,Tuberculosis-646,train,train
train_augmented_Tuberculosis-623_0_756.jpeg,Tuberculosis-623,train,train
train_augmented_Tuberculosis-61_0_4702.jpeg,Tuberculosis-61,train,train
train_augmented_Tuberculosis-642_0_7660.jpeg,Tuberculosis-642,test,train
train_augmented_Tuberculosis-640_0_280.jpeg,Tuberculosis-640,train,train
train_augmented_Tuberculosis-643_0_3974.jpeg,Tuberculosis-643,train,train
train_augmented_Tuberculosis-623_0_9650.jpeg,Tuberculosis-623,test,train
train_augmented_Tuberculosis-634_0_9864.jpeg,Tuberculosis-634,val,train
train_augmented_Tuberculosis-626_0_7537.jpeg,Tuberculosis-626,test,train
train_augmented_Tuberculosis-624_0_1604.jpeg,Tuberculosis-624,test,train
train_augmented_Tuberculosis-628_0_3509.jpeg,Tuberculosis-628,val,val
train_augmented_Tuberculosis-635_0_6954.jpeg,Tuberculosis-635,train,test
train_augmented_Tuberculosis-630_0_4480.jpeg,Tuberculosis-630,train,test
train_augmented_Tuberculosis-621_0_8660.jpeg,Tuberculosis-621,train,train
train_augmented_Tuberculosis-619_0_2580.jpeg,Tuberculosis-619,test,train
train_augmented_Tuberculosis-643_0_6444.jpeg,Tuberculosis-643,train,train
train_augmented_Tuberculosis-619_0_2780.jpeg,Tuberculosis-619,train,train
train_augmented_Tuberculosis-635_0_8129.jpeg,Tuberculosis-635,train,test
train_augmented_Tuberculosis-621_0_9525.jpeg,Tuberculosis-621,val,train
train_augmented_Tuberculosis-634_0_9175.jpeg,Tuberculosis-634,test,train
train_augmented_Tuberculosis-639_0_1521.jpeg,Tuberculosis-639,train,train
train_augmented_Tuberculosis-624_0_2605.jpeg,Tuberculosis-624,train,train
train_augmented_Tuberculosis-618_0_8359.jpeg,Tuberculosis-618,train,train
train_augmented_Tuberculosis-648_0_6152.jpeg,Tuberculosis-648,test,train
train_augmented_Tuberculosis-631_0_1182.jpeg,Tuberculosis-631,val,train
train_augmented_Tuberculosis-636_0_165.jpeg,Tuberculosis-636,train,train
train_augmented_Tuberculosis-633_0_9689.jpeg,Tuberculosis-633,train,test
train_augmented_Tuberculosis-623_0_6005.jpeg,Tuberculosis-623,train,train
train_augmented_Tuberculosis-617_0_8910.jpeg,Tuberculosis-617,test,train
train_augmented_Tuberculosis-61_0_3905.jpeg,Tuberculosis-61,train,train
train_augmented_Tuberculosis-645_0_4349.jpeg,Tuberculosis-645,train,test
train_augmented_Tuberculosis-638_0_8302.jpeg,Tuberculosis-638,train,test
train_augmented_Tuberculosis-643_0_3171.jpeg,Tuberculosis-643,train,train
train_augmented_Tuberculosis-646_0_4617.jpeg,Tuberculosis-646,val,train
train_augmented_Tuberculosis-617_0_3134.jpeg,Tuberculosis-617,test,train
train_augmented_Tuberculosis-630_0_2387.jpeg,Tuberculosis-630,train,test
train_augmented_Tuberculosis-63_0_6271.jpeg,Tuberculosis-63,test,train
train_augmented_Tuberculosis-634_0_7474.jpeg,Tuberculosis-634,val,train
train_augmented_Tuberculosis-633_0_3524.jpeg,Tuberculosis-633,val,test
train_augmented_Tuberculosis-627_0_8697.jpeg,Tuberculosis-627,val,train
train_augmented_Tuberculosis-627_0_339.jpeg,Tuberculosis-627,train,train
train_augmented_Tuberculosis-647_0_4354.jpeg,Tuberculosis-647,train,train
train_augmented_Tuberculosis-625_0_8199.jpeg,Tuberculosis-625,train,test
train_augmented_Tuberculosis-640_0_2967.jpeg,Tuberculosis-640,train,train
train_augmented_Tuberculosis-616_0_7670.jpeg,Tuberculosis-616,test,val
train_augmented_Tuberculosis-631_0_1716.jpeg,Tuberculosis-631,val,train
train_augmented_Tuberculosis-644_0_9531.jpeg,Tuberculosis-644,test,train
train_augmented_Tuberculosis-630_0_8073.jpeg,Tuberculosis-630,test,test
train_augmented_Tuberculosis-629_0_7000.jpeg,Tuberculosis-629,train,train
train_augmented_Tuberculosis-62_0_2180.jpeg,Tuberculosis-62,train,train
train_augmented_Tuberculosis-629_0_6907.jpeg,Tuberculosis-629,test,train
train_augmented_Tuberculosis-636_0_8544.jpeg,Tuberculosis-636,train,train
train_augmented_Tuberculosis-619_0_3349.jpeg,Tuberculosis-619,train,train
train_augmented_Tuberculosis-642_0_2831.jpeg,Tuberculosis-642,train,train
train_augmented_Tuberculosis-621_0_3143.jpeg,Tuberculosis-621,train,train
train_augmented_Tuberculosis-637_0_7900.jpeg,Tuberculosis-637,train,test
train_augmented_Tuberculosis-62_0_4114.jpeg,Tuberculosis-62,test,train
train_augmented_Tuberculosis-618_0_6143.jpeg,Tuberculosis-618,test,train
train_augmented_Tuberculosis-642_0_2682.jpeg,Tuberculosis-642,train,train
train_augmented_Tuberculosis-61_0_9234.jpeg,Tuberculosis-61,train,train
train_augmented_Tuberculosis-633_0_3369.jpeg,Tuberculosis-633,train,test
train_augmented_Tuberculosis-62_0_1623.jpeg,Tuberculosis-62,train,train
train_augmented_Tuberculosis-632_0_1899.jpeg,Tuberculosis-632,test,val
train_augmented_Tuberculosis-617_0_5897.jpeg,Tuberculosis-617,test,train
train_augmented_Tuberculosis-647_0_1867.jpeg,Tuberculosis-647,val,train
train_augmented_Tuberculosis-628_0_1825.jpeg,Tuberculosis-628,train,val
train_augmented_Tuberculosis-648_0_1384.jpeg,Tuberculosis-648,train,train
train_augmented_Tuberculosis-644_0_7195.jpeg,Tuberculosis-644,train,train
train_augmented_Tuberculosis-625_0_1940.jpeg,Tuberculosis-625,train,test
train_augmented_Tuberculosis-645_0_9042.jpeg,Tuberculosis-645,train,test
train_augmented_Tuberculosis-628_0_8689.jpeg,Tuberculosis-628,train,val
train_augmented_Tuberculosis-620_0_2056.jpeg,Tuberculosis-620,train,train
train_augmented_Tuberculosis-640_0_5689.jpeg,Tuberculosis-640,train,train
train_augmented_Tuberculosis-627_0_9998.jpeg,Tuberculosis-627,train,train
train_augmented_Tuberculosis-63_0_242.jpeg,Tuberculosis-63,val,train
train_augmented_Tuberculosis-620_0_4779.jpeg,Tuberculosis-620,train,train
train_augmented_Tuberculosis-620_0_8526.jpeg,Tuberculosis-620,train,train
train_augmented_Tuberculosis-644_0_9404.jpeg,Tuberculosis-644,train,train
train_augmented_Tuberculosis-63_0_3979.jpeg,Tuberculosis-63,train,train
train_augmented_Tuberculosis-639_0_5829.jpeg,Tuberculosis-639,train,train
train_augmented_Tuberculosis-637_0_1256.jpeg,Tuberculosis-637,train,test
train_augmented_Tuberculosis-625_0_7458.jpeg,Tuberculosis-625,train,test
train_augmented_Tuberculosis-647_0_765.jpeg,Tuberculosis-647,train,train
train_augmented_Tuberculosis-615_0_9954.jpeg,Tuberculosis-615,train,val
train_augmented_Tuberculosis-626_0_2266.jpeg,Tuberculosis-626,train,train
train_augmented_Tuberculosis-646_0_6953.jpeg,Tuberculosis-646,val,train
train_augmented_Tuberculosis-637_0_1322.jpeg,Tuberculosis-637,train,test
train_augmented_Tuberculosis-622_0_9100.jpeg,Tuberculosis-622,train,train
train_augmented_Tuberculosis-632_0_5512.jpeg,Tuberculosis-632,train,val
train_augmented_Tuberculosis-629_0_3114.jpeg,Tuberculosis-629,train,train
train_augmented_Tuberculosis-645_0_1611.jpeg,Tuberculosis-645,train,test
train_augmented_Tuberculosis-641_0_9249.jpeg,Tuberculosis-641,test,test
train_augmented_Tuberculosis-91_0_3558.jpeg,Tuberculosis-91,val,train
train_augmented_Tuberculosis-72_0_5625.jpeg,Tuberculosis-72,train,train
train_augmented_Tuberculosis-79_0_4480.jpeg,Tuberculosis-79,train,test
train_augmented_Tuberculosis-78_0_3356.jpeg,Tuberculosis-78,test,train
train_augmented_Tuberculosis-85_0_8394.jpeg,Tuberculosis-85,val,train
train_augmented_Tuberculosis-85_0_8221.jpeg,Tuberculosis-85,train,train
train_augmented_Tuberculosis-91_0_5228.jpeg,Tuberculosis-91,train,train
train_augmented_Tuberculosis-83_0_6228.jpeg,Tuberculosis-83,train,train
train_augmented_Tuberculosis-6_0_9648.jpeg,Tuberculosis-6,train,test
train_augmented_Tuberculosis-73_0_1422.jpeg,Tuberculosis-73,train,train
train_augmented_Tuberculosis-8_0_2590.jpeg,Tuberculosis-8,train,test
train_augmented_Tuberculosis-7_0_8679.jpeg,Tuberculosis-7,train,train
train_augmented_Tuberculosis-68_0_2666.jpeg,Tuberculosis-68,train,test
train_augmented_Tuberculosis-64_0_2752.jpeg,Tuberculosis-64,train,train
train_augmented_Tuberculosis-94_0_6683.jpeg,Tuberculosis-94,train,val
train_augmented_Tuberculosis-7_0_1482.jpeg,Tuberculosis-7,train,train
train_augmented_Tuberculosis-76_0_9659.jpeg,Tuberculosis-76,train,test
train_augmented_Tuberculosis-89_0_3091.jpeg,Tuberculosis-89,train,train
train_augmented_Tuberculosis-89_0_9862.jpeg,Tuberculosis-89,train,train
train_augmented_Tuberculosis-93_0_4794.jpeg,Tuberculosis-93,train,train
train_augmented_Tuberculosis-87_0_6946.jpeg,Tuberculosis-87,train,test
train_augmented_Tuberculosis-88_0_7967.jpeg,Tuberculosis-88,train,train
train_augmented_Tuberculosis-87_0_6580.jpeg,Tuberculosis-87,train,test
train_augmented_Tuberculosis-97_0_9247.jpeg,Tuberculosis-97,val,test
train_augmented_Tuberculosis-81_0_4323.jpeg,Tuberculosis-81,train,val
train_augmented_Tuberculosis-83_0_7655.jpeg,Tuberculosis-83,test,train
train_augmented_Tuberculosis-70_0_9404.jpeg,Tuberculosis-70,test,train
train_augmented_Tuberculosis-97_0_1795.jpeg,Tuberculosis-97,test,test
train_augmented_Tuberculosis-69_0_5397.jpeg,Tuberculosis-69,train,train
train_augmented_Tuberculosis-649_0_8703.jpeg,Tuberculosis-649,test,train
train_augmented_Tuberculosis-7_0_1930.jpeg,Tuberculosis-7,train,train
train_augmented_Tuberculosis-99_0_2465.jpeg,Tuberculosis-99,train,train
train_augmented_Tuberculosis-79_0_2706.jpeg,Tuberculosis-79,train,test
train_augmented_Tuberculosis-70_0_3254.jpeg,Tuberculosis-70,train,train
train_augmented_Tuberculosis-86_0_2664.jpeg,Tuberculosis-86,train,train
train_augmented_Tuberculosis-91_0_8177.jpeg,Tuberculosis-91,train,train
train_augmented_Tuberculosis-81_0_2254.jpeg,Tuberculosis-81,train,val
train_augmented_Tuberculosis-64_0_4851.jpeg,Tuberculosis-64,train,train
train_augmented_Tuberculosis-78_0_5788.jpeg,Tuberculosis-78,test,train
train_augmented_Tuberculosis-80_0_7631.jpeg,Tuberculosis-80,train,test
train_augmented_Tuberculosis-96_0_998.jpeg,Tuberculosis-96,train,train
train_augmented_Tuberculosis-8_0_5641.jpeg,Tuberculosis-8,test,test
train_augmented_Tuberculosis-9_0_8706.jpeg,Tuberculosis-9,train,val
train_augmented_Tuberculosis-94_0_6943.jpeg,Tuberculosis-94,test,val
train_augmented_Tuberculosis-90_0_4563.jpeg,Tuberculosis-90,test,test
train_augmented_Tuberculosis-6_0_7641.jpeg,Tuberculosis-6,train,test
train_augmented_Tuberculosis-65_0_6514.jpeg,Tuberculosis-65,train,train
train_augmented_Tuberculosis-69_0_9463.jpeg,Tuberculosis-69,train,train
train_augmented_Tuberculosis-87_0_4064.jpeg,Tuberculosis-87,val,test
train_augmented_Tuberculosis-66_0_9752.jpeg,Tuberculosis-66,test,train
train_augmented_Tuberculosis-88_0_4080.jpeg,Tuberculosis-88,test,train
train_augmented_Tuberculosis-67_0_2334.jpeg,Tuberculosis-67,test,val
train_augmented_Tuberculosis-85_0_9115.jpeg,Tuberculosis-85,train,train
train_augmented_Tuberculosis-92_0_116.jpeg,Tuberculosis-92,test,test
train_augmented_Tuberculosis-86_0_9013.jpeg,Tuberculosis-86,train,train
train_augmented_Tuberculosis-65_0_4552.jpeg,Tuberculosis-65,train,train
train_augmented_Tuberculosis-67_0_2451.jpeg,Tuberculosis-67,train,val
train_augmented_Tuberculosis-99_0_5303.jpeg,Tuberculosis-99,train,train
train_augmented_Tuberculosis-84_0_8892.jpeg,Tuberculosis-84,train,train
train_augmented_Tuberculosis-82_0_4265.jpeg,Tuberculosis-82,train,train
train_augmented_Tuberculosis-96_0_8346.jpeg,Tuberculosis-96,train,train
train_augmented_Tuberculosis-95_0_8314.jpeg,Tuberculosis-95,train,train
train_augmented_Tuberculosis-96_0_1896.jpeg,Tuberculosis-96,train,train
train_augmented_Tuberculosis-86_0_5877.jpeg,Tuberculosis-86,test,train
train_augmented_Tuberculosis-77_0_4760.jpeg,Tuberculosis-77,train,test
train_augmented_Tuberculosis-6_0_7782.jpeg,Tuberculosis-6,train,test
train_augmented_Tuberculosis-9_0_6321.jpeg,Tuberculosis-9,train,val
train_augmented_Tuberculosis-649_0_2860.jpeg,Tuberculosis-649,train,train
train_augmented_Tuberculosis-76_0_4606.jpeg,Tuberculosis-76,train,test
train_augmented_Tuberculosis-93_0_4162.jpeg,Tuberculosis-93,train,train
train_augmented_Tuberculosis-649_0_3596.jpeg,Tuberculosis-649,train,train
train_augmented_Tuberculosis-650_0_3628.jpeg,Tuberculosis-650,train,val
train_augmented_Tuberculosis-71_0_4230.jpeg,Tuberculosis-71,train,train
train_augmented_Tuberculosis-95_0_5399.jpeg,Tuberculosis-95,val,train
train_augmented_Tuberculosis-73_0_4177.jpeg,Tuberculosis-73,train,train
train_augmented_Tuberculosis-89_0_1659.jpeg,Tuberculosis-89,train,train
train_augmented_Tuberculosis-74_0_9705.jpeg,Tuberculosis-74,train,train
train_augmented_Tuberculosis-72_0_2410.jpeg,Tuberculosis-72,train,train
train_augmented_Tuberculosis-98_0_9639.jpeg,Tuberculosis-98,train,train
train_augmented_Tuberculosis-8_0_6401.jpeg,Tuberculosis-8,test,test
train_augmented_Tuberculosis-92_0_7888.jpeg,Tuberculosis-92,val,test
train_augmented_Tuberculosis-98_0_9524.jpeg,Tuberculosis-98,train,train
train_augmented_Tuberculosis-75_0_928.jpeg,Tuberculosis-75,train,train
train_augmented_Tuberculosis-80_0_6878.jpeg,Tuberculosis-80,train,test
train_augmented_Tuberculosis-92_0_4973.jpeg,Tuberculosis-92,test,test
train_augmented_Tuberculosis-73_0_9454.jpeg,Tuberculosis-73,train,train
train_augmented_Tuberculosis-78_0_9409.jpeg,Tuberculosis-78,train,train
train_augmented_Tuberculosis-84_0_5656.jpeg,Tuberculosis-84,test,train
train_augmented_Tuberculosis-95_0_964.jpeg,Tuberculosis-95,test,train
train_augmented_Tuberculosis-70_0_2539.jpeg,Tuberculosis-70,train,train
train_augmented_Tuberculosis-83_0_5378.jpeg,Tuberculosis-83,train,train
train_augmented_Tuberculosis-84_0_4337.jpeg,Tuberculosis-84,val,train
train_augmented_Tuberculosis-66_0_7853.jpeg,Tuberculosis-66,train,train
train_augmented_Tuberculosis-74_0_4217.jpeg,Tuberculosis-74,val,train
train_augmented_Tuberculosis-90_0_1836.jpeg,Tuberculosis-90,train,test
train_augmented_Tuberculosis-74_0_5194.jpeg,Tuberculosis-74,train,train
train_augmented_Tuberculosis-67_0_7916.jpeg,Tuberculosis-67,train,val
train_augmented_Tuberculosis-71_0_1308.jpeg,Tuberculosis-71,train,train
train_augmented_Tuberculosis-80_0_239.jpeg,Tuberculosis-80,train,test
train_augmented_Tuberculosis-77_0_9023.jpeg,Tuberculosis-77,train,test
train_augmented_Tuberculosis-650_0_5087.jpeg,Tuberculosis-650,train,val
train_augmented_Tuberculosis-64_0_5803.jpeg,Tuberculosis-64,test,train
train_augmented_Tuberculosis-72_0_2682.jpeg,Tuberculosis-72,train,train
train_augmented_Tuberculosis-71_0_2491.jpeg,Tuberculosis-71,val,train
train_augmented_Tuberculosis-99_0_7371.jpeg,Tuberculosis-99,train,train
train_augmented_Tuberculosis-79_0_4864.jpeg,Tuberculosis-79,train,test
train_augmented_Tuberculosis-76_0_7714.jpeg,Tuberculosis-76,train,test
train_augmented_Tuberculosis-68_0_9152.jpeg,Tuberculosis-68,train,test
train_augmented_Tuberculosis-75_0_1252.jpeg,Tuberculosis-75,test,train
train_augmented_Tuberculosis-65_0_9187.jpeg,Tuberculosis-65,train,train
train_augmented_Tuberculosis-9_0_1501.jpeg,Tuberculosis-9,val,val
train_augmented_Tuberculosis-82_0_8834.jpeg,Tuberculosis-82,test,train
train_augmented_Tuberculosis-69_0_5045.jpeg,Tuberculosis-69,train,train
train_augmented_Tuberculosis-66_0_8908.jpeg,Tuberculosis-66,test,train
train_augmented_Tuberculosis-97_0_7943.jpeg,Tuberculosis-97,test,test
train_augmented_Tuberculosis-68_0_9430.jpeg,Tuberculosis-68,train,test
train_augmented_Tuberculosis-77_0_1517.jpeg,Tuberculosis-77,train,test
train_augmented_Tuberculosis-82_0_937.jpeg,Tuberculosis-82,train,train
train_augmented_Tuberculosis-93_0_8838.jpeg,Tuberculosis-93,train,train
train_augmented_Tuberculosis-75_0_59.jpeg,Tuberculosis-75,train,train
train_augmented_Tuberculosis-90_0_5235.jpeg,Tuberculosis-90,train,test
train_augmented_Tuberculosis-648_0_6474.jpeg,Tuberculosis-648,train,train
train_augmented_Tuberculosis-88_0_4408.jpeg,Tuberculosis-88,test,train
train_augmented_Tuberculosis-81_0_4939.jpeg,Tuberculosis-81,train,val
train_augmented_Tuberculosis-94_0_3107.jpeg,Tuberculosis-94,train,val
train_augmented_Tuberculosis-98_0_3901.jpeg,Tuberculosis-98,test,train
train_augmented_Tuberculosis-650_0_1628.jpeg,Tuberculosis-650,train,val
val_augmented_Tuberculosis-1_0_4034.jpeg,Tuberculosis-1,train,train
val_augmented_Tuberculosis-651_0_212.jpeg,Tuberculosis-651,test,train
val_augmented_Tuberculosis-3_0_1551.jpeg,Tuberculosis-3,train,train
val_augmented_Tuberculosis-1_0_6517.jpeg,Tuberculosis-1,train,train
val_augmented_Tuberculosis-3_0_6527.jpeg,Tuberculosis-3,train,train
val_Tuberculosis-652.png,Tuberculosis-652,train,train
val_augmented_Tuberculosis-2_0_9746.jpeg,Tuberculosis-2,train,train
val_augmented_Tuberculosis-1_0_1527.jpeg,Tuberculosis-1,train,train
val_augmented_Tuberculosis-2_0_9426.jpeg,Tuberculosis-2,train,train
val_augmented_Tuberculosis-1_0_5700.jpeg,Tuberculosis-1,test,train
val_Tuberculosis-3.png,Tuberculosis-3,train,train
val_Tuberculosis-651.png,Tuberculosis-651,train,train
val_augmented_Tuberculosis-3_0_4217.jpeg,Tuberculosis-3,train,train
val_augmented_Tuberculosis-651_0_7168.jpeg,Tuberculosis-651,train,train
val_augmented_Tuberculosis-1_0_512.jpeg,Tuberculosis-1,train,train
val_augmented_Tuberculosis-2_0_7369.jpeg,Tuberculosis-2,val,train
val_augmented_Tuberculosis-3_0_7962.jpeg,Tuberculosis-3,train,train
val_augmented_Tuberculosis-1_0_9837.jpeg,Tuberculosis-1,train,train
val_augmented_Tuberculosis-2_0_5132.jpeg,Tuberculosis-2,train,train
val_augmented_Tuberculosis-2_0_8998.jpeg,Tuberculosis-2,train,train
val_Tuberculosis-1.png,Tuberculosis-1,train,train
val_augmented_Tuberculosis-3_0_4787.jpeg,Tuberculosis-3,train,train
val_augmented_Tuberculosis-651_0_7884.jpeg,Tuberculosis-651,train,train
val_augmented_Tuberculosis-2_0_1602.jpeg,Tuberculosis-2,train,train
val_augmented_Tuberculosis-2_0_7478.jpeg,Tuberculosis-2,train,train
val_augmented_Tuberculosis-1_0_2583.jpeg,Tuberculosis-1,train,train
val_augmented_Tuberculosis-3_0_8177.jpeg,Tuberculosis-3,train,train
val_augmented_Tuberculosis-651_0_4887.jpeg,Tuberculosis-651,train,train
val_augmented_Tuberculosis-1_0_4787.jpeg,Tuberculosis-1,train,train
val_augmented_Tuberculosis-3_0_761.jpeg,Tuberculosis-3,train,train
val_augmented_Tuberculosis-2_0_7719.jpeg,Tuberculosis-2,train,train
val_augmented_Tuberculosis-2_0_631.jpeg,Tuberculosis-2,val,train
val_augmented_Tuberculosis-2_0_9385.jpeg,Tuberculosis-2,train,train
val_augmented_Tuberculosis-1_0_9235.jpeg,Tuberculosis-1,train,train
val_augmented_Tuberculosis-3_0_785.jpeg,Tuberculosis-3,train,train
val_augmented_Tuberculosis-651_0_3194.jpeg,Tuberculosis-651,test,train
val_augmented_Tuberculosis-2_0_2360.jpeg,Tuberculosis-2,train,train
val_augmented_Tuberculosis-651_0_4124.jpeg,Tuberculosis-651,train,train
val_Tuberculosis-658.png,Tuberculosis-658,train,train
val_augmented_Tuberculosis-2_0_799.jpeg,Tuberculosis-2,train,train
val_augmented_Tuberculosis-2_0_4226.jpeg,Tuberculosis-2,test,train
val_augmented_Tuberculosis-1_0_4569.jpeg,Tuberculosis-1,val,train
val_augmented_Tuberculosis-3_0_7721.jpeg,Tuberculosis-3,train,train
val_augmented_Tuberculosis-2_0_8902.jpeg,Tuberculosis-2,train,train
val_augmented_Tuberculosis-651_0_6693.jpeg,Tuberculosis-651,train,train
val_augmented_Tuberculosis-651_0_56.jpeg,Tuberculosis-651,val,train
val_augmented_Tuberculosis-3_0_3156.jpeg,Tuberculosis-3,train,train
val_augmented_Tuberculosis-3_0_6420.jpeg,Tuberculosis-3,train,train
val_augmented_Tuberculosis-651_0_662.jpeg,Tuberculosis-651,test,train
val_augmented_Tuberculosis-2_0_2871.jpeg,Tuberculosis-2,train,train
val_augmented_Tuberculosis-3_0_8116.jpeg,Tuberculosis-3,train,train
val_augmented_Tuberculosis-2_0_9494.jpeg,Tuberculosis-2,test,train
val_augmented_Tuberculosis-3_0_1912.jpeg,Tuberculosis-3,val,train
val_augmented_Tuberculosis-651_0_8515.jpeg,Tuberculosis-651,train,train
val_augmented_Tuberculosis-651_0_2243.jpeg,Tuberculosis-651,train,train
val_Tuberculosis-659.png,Tuberculosis-659,train,train
val_augmented_Tuberculosis-1_0_2.jpeg,Tuberculosis-1,test,train
val_augmented_Tuberculosis-1_0_4544.jpeg,Tuberculosis-1,train,train
val_augmented_Tuberculosis-651_0_4315.jpeg,Tuberculosis-651,test,train
val_augmented_Tuberculosis-651_0_2697.jpeg,Tuberculosis-651,test,train
val_augmented_Tuberculosis-1_0_5544.jpeg,Tuberculosis-1,train,train
val_augmented_Tuberculosis-2_0_1572.jpeg,Tuberculosis-2,train,train
val_augmented_Tuberculosis-3_0_2179.jpeg,Tuberculosis-3,test,train
val_augmented_Tuberculosis-3_0_4282.jpeg,Tuberculosis-3,train,train
val_Tuberculosis-655.png,Tuberculosis-655,train,train
val_augmented_Tuberculosis-3_0_7938.jpeg,Tuberculosis-3,train,train
val_augmented_Tuberculosis-1_0_3039.jpeg,Tuberculosis-1,train,train
val_augmented_Tuberculosis-2_0_397.jpeg,Tuberculosis-2,val,train
val_augmented_Tuberculosis-3_0_8171.jpeg,Tuberculosis-3,train,train
val_augmented_Tuberculosis-651_0_592.jpeg,Tuberculosis-651,train,train
val_augmented_Tuberculosis-2_0_9241.jpeg,Tuberculosis-2,train,train
val_augmented_Tuberculosis-651_0_1367.jpeg,Tuberculosis-651,train,train
val_augmented_Tuberculosis-1_0_4191.jpeg,Tuberculosis-1,test,train
val_augmented_Tuberculosis-3_0_7636.jpeg,Tuberculosis-3,train,train
val_augmented_Tuberculosis-1_0_9736.jpeg,Tuberculosis-1,train,train
val_augmented_Tuberculosis-1_0_5287.jpeg,Tuberculosis-1,train,train
val_augmented_Tuberculosis-1_0_6054.jpeg,Tuberculosis-1,train,train
val_Tuberculosis-654.png,Tuberculosis-654,train,train
val_augmented_Tuberculosis-3_0_5471.jpeg,Tuberculosis-3,train,train
val_augmented_Tuberculosis-3_0_4057.jpeg,Tuberculosis-3,train,train
val_augmented_Tuberculosis-3_0_594.jpeg,Tuberculosis-3,test,train
val_augmented_Tuberculosis-651_0_4931.jpeg,Tuberculosis-651,train,train
val_augmented_Tuberculosis-3_0_9338.jpeg,Tuberculosis-3,val,train
val_Tuberculosis-656.png,Tuberculosis-656,test,train
val_augmented_Tuberculosis-3_0_5968.jpeg,Tuberculosis-3,train,train
val_augmented_Tuberculosis-1_0_7156.jpeg,Tuberculosis-1,train,train
val_augmented_Tuberculosis-1_0_5071.jpeg,Tuberculosis-1,train,train
val_augmented_Tuberculosis-2_0_8555.jpeg,Tuberculosis-2,train,train
val_augmented_Tuberculosis-1_0_5111.jpeg,Tuberculosis-1,val,train
val_augmented_Tuberculosis-1_0_7200.jpeg,Tuberculosis-1,train,train
val_augmented_Tuberculosis-3_0_7255.jpeg,Tuberculosis-3,train,train
val_augmented_Tuberculosis-651_0_3494.jpeg,Tuberculosis-651,train,train
val_augmented_Tuberculosis-1_0_6455.jpeg,Tuberculosis-1,train,train
val_augmented_Tuberculosis-651_0_6659.jpeg,Tuberculosis-651,train,train
val_augmented_Tuberculosis-651_0_3441.jpeg,Tuberculosis-651,train,train
val_augmented_Tuberculosis-2_0_8932.jpeg,Tuberculosis-2,train,train
val_augmented_Tuberculosis-2_0_4388.jpeg,Tuberculosis-2,val,train
val_augmented_Tuberculosis-2_0_9273.jpeg,Tuberculosis-2,train,train
val_augmented_Tuberculosis-651_0_1717.jpeg,Tuberculosis-651,train,train
val_augmented_Tuberculosis-2_0_8041.jpeg,Tuberculosis-2,train,train
val_augmented_Tuberculosis-656_0_9100.jpeg,Tuberculosis-656,train,train
val_augmented_Tuberculosis-656_0_8473.jpeg,Tuberculosis-656,val,train
val_augmented_Tuberculosis-656_0_3896.jpeg,Tuberculosis-656,train,train
val_augmented_Tuberculosis-656_0_7644.jpeg,Tuberculosis-656,train,train
val_augmented_Tuberculosis-652_0_5770.jpeg,Tuberculosis-652,test,train
val_augmented_Tuberculosis-656_0_3132.jpeg,Tuberculosis-656,val,train
val_augmented_Tuberculosis-653_0_6636.jpeg,Tuberculosis-653,train,train
val_augmented_Tuberculosis-654_0_5902.jpeg,Tuberculosis-654,train,train
val_augmented_Tuberculosis-653_0_5513.jpeg,Tuberculosis-653,train,train
val_augmented_Tuberculosis-655_0_5132.jpeg,Tuberculosis-655,train,train
val_augmented_Tuberculosis-656_0_2493.jpeg,Tuberculosis-656,train,train
val_augmented_Tuberculosis-657_0_3117.jpeg,Tuberculosis-657,test,train
val_augmented_Tuberculosis-656_0_1298.jpeg,Tuberculosis-656,train,train
val_augmented_Tuberculosis-656_0_9988.jpeg,Tuberculosis-656,train,train
val_augmented_Tuberculosis-654_0_611.jpeg,Tuberculosis-654,train,train
val_augmented_Tuberculosis-653_0_430.jpeg,Tuberculosis-653,train,train
val_augmented_Tuberculosis-652_0_5450.jpeg,Tuberculosis-652,train,train
val_augmented_Tuberculosis-657_0_39.jpeg,Tuberculosis-657,train,train
val_augmented_Tuberculosis-654_0_4047.jpeg,Tuberculosis-654,val,train
val_augmented_Tuberculosis-655_0_6201.jpeg,Tuberculosis-655,train,train
val_augmented_Tuberculosis-653_0_9785.jpeg,Tuberculosis-653,train,train
val_augmented_Tuberculosis-652_0_3131.jpeg,Tuberculosis-652,test,train
val_augmented_Tuberculosis-654_0_5751.jpeg,Tuberculosis-654,test,train
val_augmented_Tuberculosis-655_0_692.jpeg,Tuberculosis-655,train,train
val_augmented_Tuberculosis-657_0_2975.jpeg,Tuberculosis-657,test,train
val_augmented_Tuberculosis-655_0_7020.jpeg,Tuberculosis-655,train,train
val_augmented_Tuberculosis-654_0_5933.jpeg,Tuberculosis-654,train,train
val_augmented_Tuberculosis-653_0_7431.jpeg,Tuberculosis-653,train,train
val_augmented_Tuberculosis-656_0_5846.jpeg,Tuberculosis-656,train,train
val_augmented_Tuberculosis-654_0_1084.jpeg,Tuberculosis-654,test,train
val_augmented_Tuberculosis-655_0_5242.jpeg,Tuberculosis-655,train,train
val_augmented_Tuberculosis-652_0_1957.jpeg,Tuberculosis-652,train,train
val_augmented_Tuberculosis-653_0_6982.jpeg,Tuberculosis-653,train,train
val_augmented_Tuberculosis-655_0_4082.jpeg,Tuberculosis-655,train,train
val_augmented_Tuberculosis-655_0_5008.jpeg,Tuberculosis-655,train,train
val_augmented_Tuberculosis-655_0_3369.jpeg,Tuberculosis-655,test,train
val_augmented_Tuberculosis-652_0_7709.jpeg,Tuberculosis-652,train,train
val_augmented_Tuberculosis-653_0_4156.jpeg,Tuberculosis-653,train,train
val_augmented_Tuberculosis-656_0_8296.jpeg,Tuberculosis-656,train,train
val_augmented_Tuberculosis-655_0_410.jpeg,Tuberculosis-655,train,train
val_augmented_Tuberculosis-652_0_8779.jpeg,Tuberculosis-652,test,train
val_augmented_Tuberculosis-656_0_2379.jpeg,Tuberculosis-656,test,train
val_augmented_Tuberculosis-655_0_2591.jpeg,Tuberculosis-655,train,train
val_augmented_Tuberculosis-654_0_6954.jpeg,Tuberculosis-654,train,train
val_augmented_Tuberculosis-652_0_6333.jpeg,Tuberculosis-652,val,train
val_augmented_Tuberculosis-657_0_403.jpeg,Tuberculosis-657,val,train
val_augmented_Tuberculosis-654_0_2411.jpeg,Tuberculosis-654,test,train
val_augmented_Tuberculosis-656_0_5063.jpeg,Tuberculosis-656,test,train
val_augmented_Tuberculosis-651_0_9339.jpeg,Tuberculosis-651,train,train
val_augmented_Tuberculosis-652_0_2470.jpeg,Tuberculosis-652,train,train
val_augmented_Tuberculosis-653_0_3583.jpeg,Tuberculosis-653,train,train
val_augmented_Tuberculosis-653_0_5088.jpeg,Tuberculosis-653,train,train
val_augmented_Tuberculosis-653_0_7404.jpeg,Tuberculosis-653,train,train
val_augmented_Tuberculosis-654_0_3630.jpeg,Tuberculosis-654,train,train
val_augmented_Tuberculosis-654_0_7655.jpeg,Tuberculosis-654,train,train
val_augmented_Tuberculosis-652_0_5204.jpeg,Tuberculosis-652,train,train
val_augmented_Tuberculosis-655_0_1247.jpeg,Tuberculosis-655,val,train
val_augmented_Tuberculosis-656_0_312.jpeg,Tuberculosis-656,train,train
val_augmented_Tuberculosis-657_0_2777.jpeg,Tuberculosis-657,val,train
val_augmented_Tuberculosis-657_0_1083.jpeg,Tuberculosis-657,train,train
val_augmented_Tuberculosis-653_0_1778.jpeg,Tuberculosis-653,train,train
val_augmented_Tuberculosis-653_0_549.jpeg,Tuberculosis-653,train,train
val_augmented_Tuberculosis-654_0_9029.jpeg,Tuberculosis-654,train,train
val_augmented_Tuberculosis-652_0_6728.jpeg,Tuberculosis-652,train,train
val_augmented_Tuberculosis-652_0_5402.jpeg,Tuberculosis-652,train,train
val_augmented_Tuberculosis-653_0_9517.jpeg,Tuberculosis-653,test,train
val_augmented_Tuberculosis-652_0_3041.jpeg,Tuberculosis-652,test,train
val_augmented_Tuberculosis-654_0_7967.jpeg,Tuberculosis-654,test,train
val_augmented_Tuberculosis-654_0_9838.jpeg,Tuberculosis-654,train,train
val_augmented_Tuberculosis-656_0_1139.jpeg,Tuberculosis-656,train,train
val_augmented_Tuberculosis-652_0_7858.jpeg,Tuberculosis-652,train,train
val_augmented_Tuberculosis-656_0_8947.jpeg,Tuberculosis-656,train,train
val_augmented_Tuberculosis-656_0_2406.jpeg,Tuberculosis-656,train,train
val_augmented_Tuberculosis-654_0_5850.jpeg,Tuberculosis-654,train,train
val_augmented_Tuberculosis-653_0_3732.jpeg,Tuberculosis-653,train,train
val_augmented_Tuberculosis-657_0_1234.jpeg,Tuberculosis-657,train,train
val_augmented_Tuberculosis-653_0_5630.jpeg,Tuberculosis-653,train,train
val_augmented_Tuberculosis-651_0_9922.jpeg,Tuberculosis-651,train,train
val_augmented_Tuberculosis-654_0_6774.jpeg,Tuberculosis-654,train,train
val_augmented_Tuberculosis-654_0_4505.jpeg,Tuberculosis-654,train,train
val_augmented_Tuberculosis-655_0_4889.jpeg,Tuberculosis-655,train,train
val_augmented_Tuberculosis-655_0_5640.jpeg,Tuberculosis-655,train,train
val_augmented_Tuberculosis-653_0_8781.jpeg,Tuberculosis-653,train,train
val_augmented_Tuberculosis-653_0_6076.jpeg,Tuberculosis-653,train,train
val_augmented_Tuberculosis-655_0_5974.jpeg,Tuberculosis-655,train,train
val_augmented_Tuberculosis-657_0_4527.jpeg,Tuberculosis-657,train,train
val_augmented_Tuberculosis-653_0_1827.jpeg,Tuberculosis-653,test,train
val_augmented_Tuberculosis-652_0_5741.jpeg,Tuberculosis-652,train,train
val_augmented_Tuberculosis-654_0_384.jpeg,Tuberculosis-654,test,train
val_augmented_Tuberculosis-652_0_7179.jpeg,Tuberculosis-652,train,train
val_augmented_Tuberculosis-655_0_146.jpeg,Tuberculosis-655,test,train
val_augmented_Tuberculosis-654_0_8926.jpeg,Tuberculosis-654,val,train
val_augmented_Tuberculosis-652_0_7626.jpeg,Tuberculosis-652,train,train
val_augmented_Tuberculosis-657_0_397.jpeg,Tuberculosis-657,train,train
val_augmented_Tuberculosis-656_0_5551.jpeg,Tuberculosis-656,train,train
val_augmented_Tuberculosis-655_0_6632.jpeg,Tuberculosis-655,train,train
val_augmented_Tuberculosis-656_0_2066.jpeg,Tuberculosis-656,train,train
val_augmented_Tuberculosis-651_0_9398.jpeg,Tuberculosis-651,train,train
val_augmented_Tuberculosis-654_0_5711.jpeg,Tuberculosis-654,train,train
val_augmented_Tuberculosis-655_0_6322.jpeg,Tuberculosis-655,train,train
val_augmented_Tuberculosis-652_0_3610.jpeg,Tuberculosis-652,train,train
val_augmented_Tuberculosis-657_0_1408.jpeg,Tuberculosis-657,test,train
val_augmented_Tuberculosis-651_0_9688.jpeg,Tuberculosis-651,train,train
val_augmented_Tuberculosis-652_0_7472.jpeg,Tuberculosis-652,test,train
val_augmented_Tuberculosis-655_0_1231.jpeg,Tuberculosis-655,val,train
val_augmented_Tuberculosis-654_0_8913.jpeg,Tuberculosis-654,train,train
val_augmented_Tuberculosis-654_0_1936.jpeg,Tuberculosis-654,train,train
val_augmented_Tuberculosis-653_0_291.jpeg,Tuberculosis-653,train,train
val_augmented_Tuberculosis-656_0_7010.jpeg,Tuberculosis-656,test,train
val_augmented_Tuberculosis-654_0_9471.jpeg,Tuberculosis-654,test,train
val_augmented_Tuberculosis-655_0_3706.jpeg,Tuberculosis-655,train,train
val_augmented_Tuberculosis-656_0_6091.jpeg,Tuberculosis-656,train,train
val_augmented_Tuberculosis-653_0_4922.jpeg,Tuberculosis-653,test,train
val_augmented_Tuberculosis-652_0_9925.jpeg,Tuberculosis-652,train,train
val_augmented_Tuberculosis-655_0_1886.jpeg,Tuberculosis-655,train,train
val_augmented_Tuberculosis-652_0_7772.jpeg,Tuberculosis-652,train,train
val_augmented_Tuberculosis-657_0_3964.jpeg,Tuberculosis-657,train,train
val_augmented_Tuberculosis-652_0_1827.jpeg,Tuberculosis-652,train,train
val_augmented_Tuberculosis-653_0_1182.jpeg,Tuberculosis-653,train,train
val_augmented_Tuberculosis-656_0_5996.jpeg,Tuberculosis-656,val,train
val_augmented_Tuberculosis-655_0_1817.jpeg,Tuberculosis-655,test,train
val_augmented_Tuberculosis-652_0_8679.jpeg,Tuberculosis-652,test,train
val_augmented_Tuberculosis-656_0_3672.jpeg,Tuberculosis-656,train,train
val_augmented_Tuberculosis-653_0_6399.jpeg,Tuberculosis-653,train,train
val_augmented_Tuberculosis-654_0_2254.jpeg,Tuberculosis-654,train,train
val_augmented_Tuberculosis-654_0_3726.jpeg,Tuberculosis-654,train,train
val_augmented_Tuberculosis-655_0_8713.jpeg,Tuberculosis-655,train,train
val_augmented_Tuberculosis-652_0_9808.jpeg,Tuberculosis-652,train,train
val_augmented_Tuberculosis-653_0_6548.jpeg,Tuberculosis-653,train,train
val_augmented_Tuberculosis-656_0_2576.jpeg,Tuberculosis-656,train,train
val_augmented_Tuberculosis-655_0_6934.jpeg,Tuberculosis-655,train,train
val_augmented_Tuberculosis-653_0_7567.jpeg,Tuberculosis-653,train,train
val_augmented_Tuberculosis-656_0_4.jpeg,Tuberculosis-656,train,train
val_augmented_Tuberculosis-652_0_4739.jpeg,Tuberculosis-652,test,train
val_augmented_Tuberculosis-655_0_8499.jpeg,Tuberculosis-655,train,train
val_augmented_Tuberculosis-659_0_405.jpeg,Tuberculosis-659,train,train
val_augmented_Tuberculosis-659_0_4713.jpeg,Tuberculosis-659,train,train
val_augmented_Tuberculosis-658_0_144.jpeg,Tuberculosis-658,train,train
val_augmented_Tuberculosis-657_0_9119.jpeg,Tuberculosis-657,train,train
val_augmented_Tuberculosis-657_0_5471.jpeg,Tuberculosis-657,train,train
val_augmented_Tuberculosis-658_0_3202.jpeg,Tuberculosis-658,train,train
val_augmented_Tuberculosis-657_0_988.jpeg,Tuberculosis-657,train,train
val_augmented_Tuberculosis-658_0_9359.jpeg,Tuberculosis-658,train,train
val_augmented_Tuberculosis-659_0_9158.jpeg,Tuberculosis-659,train,train
val_augmented_Tuberculosis-658_0_9361.jpeg,Tuberculosis-658,train,train
val_augmented_Tuberculosis-657_0_8829.jpeg,Tuberculosis-657,test,train
val_augmented_Tuberculosis-659_0_3782.jpeg,Tuberculosis-659,train,train
val_augmented_Tuberculosis-659_0_4512.jpeg,Tuberculosis-659,val,train
val_augmented_Tuberculosis-659_0_8600.jpeg,Tuberculosis-659,test,train
val_augmented_Tuberculosis-659_0_2270.jpeg,Tuberculosis-659,train,train
val_augmented_Tuberculosis-659_0_8536.jpeg,Tuberculosis-659,val,train
val_augmented_Tuberculosis-658_0_7133.jpeg,Tuberculosis-658,test,train
val_augmented_Tuberculosis-658_0_7285.jpeg,Tuberculosis-658,test,train
val_augmented_Tuberculosis-658_0_8590.jpeg,Tuberculosis-658,train,train
val_augmented_Tuberculosis-659_0_1649.jpeg,Tuberculosis-659,train,train
val_augmented_Tuberculosis-657_0_5173.jpeg,Tuberculosis-657,val,train
val_augmented_Tuberculosis-658_0_1609.jpeg,Tuberculosis-658,test,train
val_augmented_Tuberculosis-658_0_9167.jpeg,Tuberculosis-658,train,train
val_augmented_Tuberculosis-659_0_9062.jpeg,Tuberculosis-659,train,train
val_augmented_Tuberculosis-659_0_7732.jpeg,Tuberculosis-659,train,train
val_augmented_Tuberculosis-658_0_7736.jpeg,Tuberculosis-658,test,train
val_augmented_Tuberculosis-658_0_4019.jpeg,Tuberculosis-658,train,train
val_augmented_Tuberculosis-657_0_7202.jpeg,Tuberculosis-657,test,train
val_augmented_Tuberculosis-658_0_772.jpeg,Tuberculosis-658,train,train
val_augmented_Tuberculosis-658_0_645.jpeg,Tuberculosis-658,train,train
val_augmented_Tuberculosis-658_0_9989.jpeg,Tuberculosis-658,train,train
val_augmented_Tuberculosis-659_0_7793.jpeg,Tuberculosis-659,train,train
val_augmented_Tuberculosis-659_0_6712.jpeg,Tuberculosis-659,train,train
val_augmented_Tuberculosis-659_0_193.jpeg,Tuberculosis-659,train,train
val_augmented_Tuberculosis-658_0_2879.jpeg,Tuberculosis-658,train,train
val_augmented_Tuberculosis-659_0_5875.jpeg,Tuberculosis-659,val,train
val_augmented_Tuberculosis-659_0_2050.jpeg,Tuberculosis-659,train,train
val_augmented_Tuberculosis-659_0_7530.jpeg,Tuberculosis-659,train,train
val_augmented_Tuberculosis-657_0_6249.jpeg,Tuberculosis-657,train,train
val_augmented_Tuberculosis-657_0_847.jpeg,Tuberculosis-657,train,train
val_augmented_Tuberculosis-659_0_8100.jpeg,Tuberculosis-659,train,train
val_augmented_Tuberculosis-658_0_7751.jpeg,Tuberculosis-658,train,train
val_augmented_Tuberculosis-658_0_8183.jpeg,Tuberculosis-658,val,train
val_augmented_Tuberculosis-659_0_2170.jpeg,Tuberculosis-659,train,train
val_augmented_Tuberculosis-657_0_9259.jpeg,Tuberculosis-657,train,train
val_augmented_Tuberculosis-657_0_8739.jpeg,Tuberculosis-657,train,train
val_augmented_Tuberculosis-657_0_9645.jpeg,Tuberculosis-657,val,train
val_augmented_Tuberculosis-659_0_2520.jpeg,Tuberculosis-659,test,train
val_augmented_Tuberculosis-659_0_8300.jpeg,Tuberculosis-659,train,train
val_augmented_Tuberculosis-658_0_5909.jpeg,Tuberculosis-658,test,train
val_augmented_Tuberculosis-658_0_2795.jpeg,Tuberculosis-658,test,train
val_augmented_Tuberculosis-659_0_2885.jpeg,Tuberculosis-659,train,train
val_augmented_Tuberculosis-658_0_5187.jpeg,Tuberculosis-658,train,train
val_augmented_Tuberculosis-657_0_4602.jpeg,Tuberculosis-657,test,train
val_augmented_Tuberculosis-658_0_4158.jpeg,Tuberculosis-658,test,train
val_augmented_Tuberculosis-658_0_6030.jpeg,Tuberculosis-658,train,train
val_augmented_Tuberculosis-659_0_7683.jpeg,Tuberculosis-659,train,train
val_augmented_Tuberculosis-658_0_8299.jpeg,Tuberculosis-658,train,train
val_augmented_Tuberculosis-658_0_9904.jpeg,Tuberculosis-658,train,train
val_augmented_Tuberculosis-659_0_7332.jpeg,Tuberculosis-659,train,train
train_augmented_Tuberculosis-168_0_8806.jpeg,Tuberculosis-168,train,train
train_augmented_Tuberculosis-169_0_1014.jpeg,Tuberculosis-169,train,train
train_augmented_Tuberculosis-192_0_9411.jpeg,Tuberculosis-192,train,test
train_augmented_Tuberculosis-182_0_2943.jpeg,Tuberculosis-182,train,train
train_augmented_Tuberculosis-184_0_9328.jpeg,Tuberculosis-184,val,train
train_augmented_Tuberculosis-174_0_7218.jpeg,Tuberculosis-174,train,train
train_augmented_Tuberculosis-170_0_5445.jpeg,Tuberculosis-170,train,train
train_augmented_Tuberculosis-178_0_3279.jpeg,Tuberculosis-178,test,test
train_augmented_Tuberculosis-16_0_6795.jpeg,Tuberculosis-16,test,test
train_augmented_Tuberculosis-179_0_2551.jpeg,Tuberculosis-179,test,test
train_augmented_Tuberculosis-17_0_2292.jpeg,Tuberculosis-17,train,train
train_augmented_Tuberculosis-181_0_8206.jpeg,Tuberculosis-181,test,test
train_augmented_Tuberculosis-16_0_3001.jpeg,Tuberculosis-16,train,test
train_augmented_Tuberculosis-183_0_6177.jpeg,Tuberculosis-183,train,train
train_augmented_Tuberculosis-187_0_902.jpeg,Tuberculosis-187,train,train
train_augmented_Tuberculosis-180_0_1494.jpeg,Tuberculosis-180,train,train
train_augmented_Tuberculosis-193_0_5644.jpeg,Tuberculosis-193,train,train
train_augmented_Tuberculosis-177_0_152.jpeg,Tuberculosis-177,train,train
train_augmented_Tuberculosis-190_0_3465.jpeg,Tuberculosis-190,val,train
train_augmented_Tuberculosis-175_0_3582.jpeg,Tuberculosis-175,val,train
train_augmented_Tuberculosis-178_0_4075.jpeg,Tuberculosis-178,train,test
train_augmented_Tuberculosis-172_0_7592.jpeg,Tuberculosis-172,train,train
train_augmented_Tuberculosis-188_0_8355.jpeg,Tuberculosis-188,train,train
train_augmented_Tuberculosis-180_0_4848.jpeg,Tuberculosis-180,train,train
train_augmented_Tuberculosis-183_0_8688.jpeg,Tuberculosis-183,train,train
train_augmented_Tuberculosis-176_0_5458.jpeg,Tuberculosis-176,train,val
train_augmented_Tuberculosis-179_0_3509.jpeg,Tuberculosis-179,train,test
train_augmented_Tuberculosis-191_0_5784.jpeg,Tuberculosis-191,test,val
train_augmented_Tuberculosis-176_0_8224.jpeg,Tuberculosis-176,train,val
train_augmented_Tuberculosis-190_0_5648.jpeg,Tuberculosis-190,val,train
train_augmented_Tuberculosis-173_0_5100.jpeg,Tuberculosis-173,val,train
train_augmented_Tuberculosis-174_0_7434.jpeg,Tuberculosis-174,train,train
train_augmented_Tuberculosis-180_0_5200.jpeg,Tuberculosis-180,test,train
train_augmented_Tuberculosis-192_0_6107.jpeg,Tuberculosis-192,train,test
train_augmented_Tuberculosis-172_0_8513.jpeg,Tuberculosis-172,train,train
train_augmented_Tuberculosis-189_0_8534.jpeg,Tuberculosis-189,train,train
train_augmented_Tuberculosis-181_0_2165.jpeg,Tuberculosis-181,val,test
train_augmented_Tuberculosis-173_0_2297.jpeg,Tuberculosis-173,train,train
train_augmented_Tuberculosis-173_0_2593.jpeg,Tuberculosis-173,train,train
train_augmented_Tuberculosis-17_0_6220.jpeg,Tuberculosis-17,test,train
train_augmented_Tuberculosis-184_0_9150.jpeg,Tuberculosis-184,val,train
train_augmented_Tuberculosis-190_0_2911.jpeg,Tuberculosis-190,train,train
train_augmented_Tuberculosis-186_0_5381.jpeg,Tuberculosis-186,train,train
train_augmented_Tuberculosis-183_0_3337.jpeg,Tuberculosis-183,val,train
train_augmented_Tuberculosis-185_0_5720.jpeg,Tuberculosis-185,train,val
train_augmented_Tuberculosis-18_0_2824.jpeg,Tuberculosis-18,train,train
train_augmented_Tuberculosis-170_0_1774.jpeg,Tuberculosis-170,val,train
train_augmented_Tuberculosis-192_0_5218.jpeg,Tuberculosis-192,train,test
train_augmented_Tuberculosis-171_0_3898.jpeg,Tuberculosis-171,train,val
train_augmented_Tuberculosis-184_0_1655.jpeg,Tuberculosis-184,train,train
train_augmented_Tuberculosis-174_0_4086.jpeg,Tuberculosis-174,test,train
train_augmented_Tuberculosis-176_0_9391.jpeg,Tuberculosis-176,train,val
train_augmented_Tuberculosis-185_0_4031.jpeg,Tuberculosis-185,train,val
train_augmented_Tuberculosis-178_0_4886.jpeg,Tuberculosis-178,train,test
train_augmented_Tuberculosis-175_0_5027.jpeg,Tuberculosis-175,train,train
train_augmented_Tuberculosis-182_0_5258.jpeg,Tuberculosis-182,train,train
train_augmented_Tuberculosis-169_0_6863.jpeg,Tuberculosis-169,test,train
train_augmented_Tuberculosis-188_0_6681.jpeg,Tuberculosis-188,val,train
train_augmented_Tuberculosis-171_0_9991.jpeg,Tuberculosis-171,train,val
train_augmented_Tuberculosis-18_0_5222.jpeg,Tuberculosis-18,train,train
train_augmented_Tuberculosis-196_0_8195.jpeg,Tuberculosis-196,test,train
train_augmented_Tuberculosis-202_0_4959.jpeg,Tuberculosis-202,test,test
train_augmented_Tuberculosis-197_0_6747.jpeg,Tuberculosis-197,train,train
train_augmented_Tuberculosis-212_0_3919.jpeg,Tuberculosis-212,train,train
train_augmented_Tuberculosis-204_0_9604.jpeg,Tuberculosis-204,train,test
train_augmented_Tuberculosis-212_0_1489.jpeg,Tuberculosis-212,train,train
train_augmented_Tuberculosis-210_0_2598.jpeg,Tuberculosis-210,train,test
train_augmented_Tuberculosis-201_0_8691.jpeg,Tuberculosis-201,test,train
train_augmented_Tuberculosis-210_0_451.jpeg,Tuberculosis-210,val,test
train_augmented_Tuberculosis-210_0_6772.jpeg,Tuberculosis-210,train,test
train_augmented_Tuberculosis-197_0_5358.jpeg,Tuberculosis-197,test,train
train_augmented_Tuberculosis-203_0_7668.jpeg,Tuberculosis-203,train,train
train_augmented_Tuberculosis-198_0_9508.jpeg,Tuberculosis-198,train,train
train_augmented_Tuberculosis-211_0_2326.jpeg,Tuberculosis-211,train,train
train_augmented_Tuberculosis-207_0_8645.jpeg,Tuberculosis-207,train,train
train_augmented_Tuberculosis-216_0_7831.jpeg,Tuberculosis-216,val,test
train_augmented_Tuberculosis-194_0_2814.jpeg,Tuberculosis-194,test,test
train_augmented_Tuberculosis-213_0_4288.jpeg,Tuberculosis-213,train,train
train_augmented_Tuberculosis-19_0_166.jpeg,Tuberculosis-19,train,train
train_augmented_Tuberculosis-204_0_24.jpeg,Tuberculosis-204,test,test
train_augmented_Tuberculosis-197_0_5868.jpeg,Tuberculosis-197,train,train
train_augmented_Tuberculosis-214_0_2939.jpeg,Tuberculosis-214,test,train
train_augmented_Tuberculosis-214_0_9222.jpeg,Tuberculosis-214,val,train
train_augmented_Tuberculosis-198_0_6205.jpeg,Tuberculosis-198,test,train
train_augmented_Tuberculosis-194_0_5234.jpeg,Tuberculosis-194,train,test
train_augmented_Tuberculosis-198_0_9929.jpeg,Tuberculosis-198,train,train
train_augmented_Tuberculosis-199_0_1307.jpeg,Tuberculosis-199,test,train
train_augmented_Tuberculosis-20_0_20.jpeg,Tuberculosis-20,train,val
train_augmented_Tuberculosis-203_0_6963.jpeg,Tuberculosis-203,train,train
train_augmented_Tuberculosis-206_0_2023.jpeg,Tuberculosis-206,train,train
train_augmented_Tuberculosis-205_0_1969.jpeg,Tuberculosis-205,val,train
train_augmented_Tuberculosis-200_0_5151.jpeg,Tuberculosis-200,test,train
train_augmented_Tuberculosis-217_0_3641.jpeg,Tuberculosis-217,train,train
train_augmented_Tuberculosis-209_0_6458.jpeg,Tuberculosis-209,val,train
train_augmented_Tuberculosis-217_0_580.jpeg,Tuberculosis-217,val,train
train_augmented_Tuberculosis-213_0_7567.jpeg,Tuberculosis-213,train,train
train_augmented_Tuberculosis-20_0_1783.jpeg,Tuberculosis-20,train,val
train_augmented_Tuberculosis-205_0_1493.jpeg,Tuberculosis-205,test,train
train_augmented_Tuberculosis-1_0_9440.jpeg,Tuberculosis-1,train,train
train_augmented_Tuberculosis-212_0_1922.jpeg,Tuberculosis-212,val,train
train_augmented_Tuberculosis-193_0_6756.jpeg,Tuberculosis-193,train,train
train_augmented_Tuberculosis-201_0_6479.jpeg,Tuberculosis-201,val,train
train_augmented_Tuberculosis-214_0_6653.jpeg,Tuberculosis-214,test,train
train_augmented_Tuberculosis-215_0_9871.jpeg,Tuberculosis-215,test,train
train_augmented_Tuberculosis-195_0_8392.jpeg,Tuberculosis-195,train,val
train_augmented_Tuberculosis-203_0_1695.jpeg,Tuberculosis-203,train,train
train_augmented_Tuberculosis-195_0_4114.jpeg,Tuberculosis-195,val,val
train_augmented_Tuberculosis-196_0_2205.jpeg,Tuberculosis-196,test,train
train_augmented_Tuberculosis-216_0_2858.jpeg,Tuberculosis-216,val,test
train_augmented_Tuberculosis-209_0_4785.jpeg,Tuberculosis-209,train,train
train_augmented_Tuberculosis-1_0_1090.jpeg,Tuberculosis-1,train,train
train_augmented_Tuberculosis-199_0_96.jpeg,Tuberculosis-199,train,train
train_augmented_Tuberculosis-209_0_5750.jpeg,Tuberculosis-209,test,train
train_augmented_Tuberculosis-207_0_9413.jpeg,Tuberculosis-207,test,train
train_augmented_Tuberculosis-207_0_3769.jpeg,Tuberculosis-207,train,train
train_augmented_Tuberculosis-202_0_8300.jpeg,Tuberculosis-202,train,test
train_augmented_Tuberculosis-200_0_233.jpeg,Tuberculosis-200,train,train
train_augmented_Tuberculosis-201_0_5651.jpeg,Tuberculosis-201,val,train
train_augmented_Tuberculosis-204_0_6384.jpeg,Tuberculosis-204,train,test
train_augmented_Tuberculosis-215_0_7904.jpeg,Tuberculosis-215,train,train
train_augmented_Tuberculosis-215_0_5205.jpeg,Tuberculosis-215,val,train
train_augmented_Tuberculosis-202_0_6377.jpeg,Tuberculosis-202,train,test
train_augmented_Tuberculosis-205_0_5675.jpeg,Tuberculosis-205,train,train
train_augmented_Tuberculosis-19_0_5309.jpeg,Tuberculosis-19,train,train
train_augmented_Tuberculosis-20_0_5328.jpeg,Tuberculosis-20,train,val
train_augmented_Tuberculosis-217_0_6756.jpeg,Tuberculosis-217,train,train
train_augmented_Tuberculosis-194_0_1667.jpeg,Tuberculosis-194,test,test
train_augmented_Tuberculosis-206_0_2528.jpeg,Tuberculosis-206,train,train
train_augmented_Tuberculosis-19_0_8826.jpeg,Tuberculosis-19,val,train
train_augmented_Tuberculosis-208_0_9124.jpeg,Tuberculosis-208,train,val
train_augmented_Tuberculosis-211_0_4867.jpeg,Tuberculosis-211,train,train
train_augmented_Tuberculosis-196_0_7671.jpeg,Tuberculosis-196,test,train
train_augmented_Tuberculosis-195_0_7137.jpeg,Tuberculosis-195,test,val
train_augmented_Tuberculosis-208_0_3490.jpeg,Tuberculosis-208,train,val
train_augmented_Tuberculosis-206_0_1113.jpeg,Tuberculosis-206,train,train
train_augmented_Tuberculosis-211_0_897.jpeg,Tuberculosis-211,test,train
train_augmented_Tuberculosis-1_0_4953.jpeg,Tuberculosis-1,test,train
train_augmented_Tuberculosis-213_0_6520.jpeg,Tuberculosis-213,train,train
train_augmented_Tuberculosis-208_0_8151.jpeg,Tuberculosis-208,train,val
train_augmented_Tuberculosis-200_0_3897.jpeg,Tuberculosis-200,test,train
train_augmented_Tuberculosis-199_0_5720.jpeg,Tuberculosis-199,train,train
train_augmented_Tuberculosis-216_0_4503.jpeg,Tuberculosis-216,train,test
train_augmented_Tuberculosis-234_0_4890.jpeg,Tuberculosis-234,train,val
train_augmented_Tuberculosis-224_0_2419.jpeg,Tuberculosis-224,train,val
train_augmented_Tuberculosis-221_0_9674.jpeg,Tuberculosis-221,train,train
train_augmented_Tuberculosis-223_0_8537.jpeg,Tuberculosis-223,train,train
train_augmented_Tuberculosis-231_0_384.jpeg,Tuberculosis-231,test,val
train_augmented_Tuberculosis-245_0_1435.jpeg,Tuberculosis-245,train,test
train_augmented_Tuberculosis-244_0_4192.jpeg,Tuberculosis-244,test,val
train_augmented_Tuberculosis-222_0_6966.jpeg,Tuberculosis-222,train,train
train_augmented_Tuberculosis-241_0_8455.jpeg,Tuberculosis-241,train,train
train_augmented_Tuberculosis-240_0_1595.jpeg,Tuberculosis-240,train,train
train_augmented_Tuberculosis-229_0_7831.jpeg,Tuberculosis-229,train,test
train_augmented_Tuberculosis-238_0_3225.jpeg,Tuberculosis-238,val,test
train_augmented_Tuberculosis-244_0_605.jpeg,Tuberculosis-244,test,val
train_augmented_Tuberculosis-240_0_7786.jpeg,Tuberculosis-240,train,train
train_augmented_Tuberculosis-246_0_6106.jpeg,Tuberculosis-246,test,train
train_augmented_Tuberculosis-232_0_4294.jpeg,Tuberculosis-232,train,train
train_augmented_Tuberculosis-241_0_3085.jpeg,Tuberculosis-241,test,train
train_augmented_Tuberculosis-23_0_8730.jpeg,Tuberculosis-23,train,train
train_augmented_Tuberculosis-221_0_6869.jpeg,Tuberculosis-221,train,train
train_augmented_Tuberculosis-225_0_9695.jpeg,Tuberculosis-225,train,train
train_augmented_Tuberculosis-244_0_8397.jpeg,Tuberculosis-244,train,val
train_augmented_Tuberculosis-219_0_4929.jpeg,Tuberculosis-219,train,train
train_augmented_Tuberculosis-227_0_4117.jpeg,Tuberculosis-227,train,test
train_augmented_Tuberculosis-23_0_1213.jpeg,Tuberculosis-23,train,train
train_augmented_Tuberculosis-232_0_7908.jpeg,Tuberculosis-232,train,train
train_augmented_Tuberculosis-231_0_400.jpeg,Tuberculosis-231,train,val
train_augmented_Tuberculosis-247_0_1056.jpeg,Tuberculosis-247,test,train
train_augmented_Tuberculosis-243_0_6264.jpeg,Tuberculosis-243,train,train
train_augmented_Tuberculosis-246_0_4264.jpeg,Tuberculosis-246,train,train
train_augmented_Tuberculosis-238_0_1278.jpeg,Tuberculosis-238,test,test
train_augmented_Tuberculosis-233_0_5962.jpeg,Tuberculosis-233,test,train
train_augmented_Tuberculosis-218_0_7891.jpeg,Tuberculosis-218,val,train
train_augmented_Tuberculosis-233_0_6079.jpeg,Tuberculosis-233,test,train
train_augmented_Tuberculosis-230_0_6454.jpeg,Tuberculosis-230,test,val
train_augmented_Tuberculosis-240_0_8119.jpeg,Tuberculosis-240,train,train
train_augmented_Tuberculosis-223_0_8009.jpeg,Tuberculosis-223,val,train
train_augmented_Tuberculosis-235_0_5572.jpeg,Tuberculosis-235,train,train
train_augmented_Tuberculosis-245_0_9290.jpeg,Tuberculosis-245,test,test
train_augmented_Tuberculosis-232_0_8159.jpeg,Tuberculosis-232,train,train
train_augmented_Tuberculosis-241_0_4595.jpeg,Tuberculosis-241,test,train
train_augmented_Tuberculosis-234_0_1510.jpeg,Tuberculosis-234,val,val
train_augmented_Tuberculosis-228_0_6984.jpeg,Tuberculosis-228,train,val
train_augmented_Tuberculosis-243_0_8061.jpeg,Tuberculosis-243,val,train
train_augmented_Tuberculosis-226_0_7149.jpeg,Tuberculosis-226,train,train
train_augmented_Tuberculosis-224_0_8389.jpeg,Tuberculosis-224,train,val
train_augmented_Tuberculosis-236_0_8298.jpeg,Tuberculosis-236,train,train
train_augmented_Tuberculosis-218_0_5718.jpeg,Tuberculosis-218,train,train
train_augmented_Tuberculosis-218_0_9174.jpeg,Tuberculosis-218,val,train
train_augmented_Tuberculosis-233_0_5621.jpeg,Tuberculosis-233,train,train
train_augmented_Tuberculosis-23_0_7950.jpeg,Tuberculosis-23,train,train
train_augmented_Tuberculosis-220_0_4238.jpeg,Tuberculosis-220,train,train
train_augmented_Tuberculosis-219_0_3188.jpeg,Tuberculosis-219,train,train
train_augmented_Tuberculosis-226_0_6006.jpeg,Tuberculosis-226,val,train
train_augmented_Tuberculosis-22_0_5978.jpeg,Tuberculosis-22,train,val
train_augmented_Tuberculosis-243_0_4973.jpeg,Tuberculosis-243,train,train
train_augmented_Tuberculosis-227_0_7904.jpeg,Tuberculosis-227,train,test
train_augmented_Tuberculosis-234_0_2700.jpeg,Tuberculosis-234,test,val
train_augmented_Tuberculosis-229_0_9585.jpeg,Tuberculosis-229,train,test
train_augmented_Tuberculosis-228_0_8284.jpeg,Tuberculosis-228,train,val
train_augmented_Tuberculosis-230_0_7378.jpeg,Tuberculosis-230,train,val
train_augmented_Tuberculosis-235_0_9517.jpeg,Tuberculosis-235,val,train
train_augmented_Tuberculosis-223_0_4926.jpeg,Tuberculosis-223,val,train
train_augmented_Tuberculosis-226_0_1671.jpeg,Tuberculosis-226,test,train
train_augmented_Tuberculosis-242_0_1082.jpeg,Tuberculosis-242,train,train
train_augmented_Tuberculosis-237_0_1727.jpeg,Tuberculosis-237,train,train
train_augmented_Tuberculosis-221_0_7776.jpeg,Tuberculosis-221,train,train
train_augmented_Tuberculosis-239_0_95.jpeg,Tuberculosis-239,train,train
train_augmented_Tuberculosis-247_0_9361.jpeg,Tuberculosis-247,test,train
train_augmented_Tuberculosis-22_0_1614.jpeg,Tuberculosis-22,train,val
train_augmented_Tuberculosis-242_0_9481.jpeg,Tuberculosis-242,train,train
train_augmented_Tuberculosis-21_0_9364.jpeg,Tuberculosis-21,train,val
train_augmented_Tuberculosis-220_0_6931.jpeg,Tuberculosis-220,train,train
train_augmented_Tuberculosis-238_0_4623.jpeg,Tuberculosis-238,test,test
train_augmented_Tuberculosis-237_0_3376.jpeg,Tuberculosis-237,test,train
train_augmented_Tuberculosis-230_0_5769.jpeg,Tuberculosis-230,train,val
train_augmented_Tuberculosis-21_0_5096.jpeg,Tuberculosis-21,test,val
train_augmented_Tuberculosis-242_0_4581.jpeg,Tuberculosis-242,test,train
train_augmented_Tuberculosis-235_0_7877.jpeg,Tuberculosis-235,train,train
train_augmented_Tuberculosis-239_0_866.jpeg,Tuberculosis-239,train,train
train_augmented_Tuberculosis-246_0_5178.jpeg,Tuberculosis-246,train,train
train_augmented_Tuberculosis-231_0_6549.jpeg,Tuberculosis-231,train,val
train_augmented_Tuberculosis-227_0_8838.jpeg,Tuberculosis-227,val,test
train_augmented_Tuberculosis-239_0_4943.jpeg,Tuberculosis-239,test,train
train_augmented_Tuberculosis-21_0_8628.jpeg,Tuberculosis-21,train,val
train_augmented_Tuberculosis-220_0_8469.jpeg,Tuberculosis-220,train,train
train_augmented_Tuberculosis-237_0_6795.jpeg,Tuberculosis-237,train,train
train_augmented_Tuberculosis-224_0_3864.jpeg,Tuberculosis-224,test,val
train_augmented_Tuberculosis-228_0_1211.jpeg,Tuberculosis-228,test,val
train_augmented_Tuberculosis-225_0_9767.jpeg,Tuberculosis-225,train,train
train_augmented_Tuberculosis-222_0_6826.jpeg,Tuberculosis-222,train,train
train_augmented_Tuberculosis-247_0_2851.jpeg,Tuberculosis-247,train,train
train_augmented_Tuberculosis-245_0_2720.jpeg,Tuberculosis-245,test,test
train_augmented_Tuberculosis-222_0_4327.jpeg,Tuberculosis-222,train,train
train_augmented_Tuberculosis-236_0_2788.jpeg,Tuberculosis-236,train,train
train_augmented_Tuberculosis-22_0_7406.jpeg,Tuberculosis-22,train,val
train_augmented_Tuberculosis-219_0_1497.jpeg,Tuberculosis-219,train,train
train_augmented_Tuberculosis-229_0_7502.jpeg,Tuberculosis-229,test,test
train_augmented_Tuberculosis-225_0_1411.jpeg,Tuberculosis-225,val,train
train_augmented_Tuberculosis-236_0_9309.jpeg,Tuberculosis-236,train,train
train_augmented_Tuberculosis-275_0_5444.jpeg,Tuberculosis-275,test,test
train_augmented_Tuberculosis-255_0_3801.jpeg,Tuberculosis-255,train,train
train_augmented_Tuberculosis-264_0_4141.jpeg,Tuberculosis-264,val,val
train_augmented_Tuberculosis-270_0_8847.jpeg,Tuberculosis-270,train,test
train_augmented_Tuberculosis-251_0_6056.jpeg,Tuberculosis-251,train,train
train_augmented_Tuberculosis-272_0_6858.jpeg,Tuberculosis-272,test,train
train_augmented_Tuberculosis-276_0_7912.jpeg,Tuberculosis-276,train,train
train_augmented_Tuberculosis-27_0_4008.jpeg,Tuberculosis-27,val,test
train_augmented_Tuberculosis-274_0_2935.jpeg,Tuberculosis-274,train,test
train_augmented_Tuberculosis-267_0_4678.jpeg,Tuberculosis-267,test,train
train_augmented_Tuberculosis-271_0_3938.jpeg,Tuberculosis-271,train,test
train_augmented_Tuberculosis-262_0_4099.jpeg,Tuberculosis-262,val,train
train_augmented_Tuberculosis-265_0_9942.jpeg,Tuberculosis-265,val,train
train_augmented_Tuberculosis-252_0_1989.jpeg,Tuberculosis-252,test,val
train_augmented_Tuberculosis-24_0_3622.jpeg,Tuberculosis-24,train,test
train_augmented_Tuberculosis-250_0_3273.jpeg,Tuberculosis-250,train,test
train_augmented_Tuberculosis-258_0_5503.jpeg,Tuberculosis-258,train,train
train_augmented_Tuberculosis-249_0_8994.jpeg,Tuberculosis-249,train,train
train_augmented_Tuberculosis-257_0_4416.jpeg,Tuberculosis-257,train,test
train_augmented_Tuberculosis-260_0_4742.jpeg,Tuberculosis-260,test,test
train_augmented_Tuberculosis-254_0_6468.jpeg,Tuberculosis-254,train,train
train_augmented_Tuberculosis-273_0_3791.jpeg,Tuberculosis-273,train,test
train_augmented_Tuberculosis-279_0_9845.jpeg,Tuberculosis-279,train,train
train_augmented_Tuberculosis-277_0_2760.jpeg,Tuberculosis-277,train,test
train_augmented_Tuberculosis-254_0_4986.jpeg,Tuberculosis-254,train,train
train_augmented_Tuberculosis-248_0_2153.jpeg,Tuberculosis-248,train,train
train_augmented_Tuberculosis-24_0_6586.jpeg,Tuberculosis-24,train,test
train_augmented_Tuberculosis-263_0_2378.jpeg,Tuberculosis-263,train,train
train_augmented_Tuberculosis-272_0_8952.jpeg,Tuberculosis-272,test,train
train_augmented_Tuberculosis-265_0_4440.jpeg,Tuberculosis-265,train,train
train_augmented_Tuberculosis-249_0_3071.jpeg,Tuberculosis-249,train,train
train_augmented_Tuberculosis-275_0_3375.jpeg,Tuberculosis-275,train,test
train_augmented_Tuberculosis-251_0_5155.jpeg,Tuberculosis-251,train,train
train_augmented_Tuberculosis-260_0_7193.jpeg,Tuberculosis-260,train,test
train_augmented_Tuberculosis-278_0_3981.jpeg,Tuberculosis-278,train,val
train_augmented_Tuberculosis-279_0_1155.jpeg,Tuberculosis-279,train,train
train_augmented_Tuberculosis-259_0_3982.jpeg,Tuberculosis-259,val,train
train_augmented_Tuberculosis-256_0_1920.jpeg,Tuberculosis-256,train,train
train_augmented_Tuberculosis-264_0_1919.jpeg,Tuberculosis-264,train,val
train_augmented_Tuberculosis-248_0_2118.jpeg,Tuberculosis-248,test,train
train_augmented_Tuberculosis-25_0_428.jpeg,Tuberculosis-25,train,train
train_augmented_Tuberculosis-272_0_1312.jpeg,Tuberculosis-272,train,train
train_augmented_Tuberculosis-258_0_5863.jpeg,Tuberculosis-258,train,train
train_augmented_Tuberculosis-253_0_6134.jpeg,Tuberculosis-253,test,test
train_augmented_Tuberculosis-256_0_5820.jpeg,Tuberculosis-256,test,train
train_augmented_Tuberculosis-252_0_5194.jpeg,Tuberculosis-252,test,val
train_augmented_Tuberculosis-266_0_7705.jpeg,Tuberculosis-266,test,train
train_augmented_Tuberculosis-257_0_839.jpeg,Tuberculosis-257,train,test
train_augmented_Tuberculosis-25_0_245.jpeg,Tuberculosis-25,train,train
train_augmented_Tuberculosis-24_0_9633.jpeg,Tuberculosis-24,train,test
train_augmented_Tuberculosis-261_0_120.jpeg,Tuberculosis-261,test,test
train_augmented_Tuberculosis-259_0_5643.jpeg,Tuberculosis-259,train,train
train_augmented_Tuberculosis-254_0_1947.jpeg,Tuberculosis-254,train,train
train_augmented_Tuberculosis-255_0_6418.jpeg,Tuberculosis-255,train,train
train_augmented_Tuberculosis-278_0_5489.jpeg,Tuberculosis-278,train,val
train_augmented_Tuberculosis-267_0_6879.jpeg,Tuberculosis-267,train,train
train_augmented_Tuberculosis-279_0_5323.jpeg,Tuberculosis-279,train,train
train_augmented_Tuberculosis-274_0_3733.jpeg,Tuberculosis-274,train,test
train_augmented_Tuberculosis-261_0_6325.jpeg,Tuberculosis-261,train,test
train_augmented_Tuberculosis-256_0_4786.jpeg,Tuberculosis-256,train,train
train_augmented_Tuberculosis-253_0_1516.jpeg,Tuberculosis-253,val,test
train_augmented_Tuberculosis-265_0_8543.jpeg,Tuberculosis-265,val,train
train_augmented_Tuberculosis-257_0_7018.jpeg,Tuberculosis-257,test,test
train_augmented_Tuberculosis-274_0_4155.jpeg,Tuberculosis-274,train,test
train_augmented_Tuberculosis-277_0_6225.jpeg,Tuberculosis-277,train,test
train_augmented_Tuberculosis-263_0_5841.jpeg,Tuberculosis-263,train,train
train_augmented_Tuberculosis-270_0_991.jpeg,Tuberculosis-270,test,test
train_augmented_Tuberculosis-261_0_5353.jpeg,Tuberculosis-261,val,test
train_augmented_Tuberculosis-264_0_9000.jpeg,Tuberculosis-264,train,val
train_augmented_Tuberculosis-273_0_2605.jpeg,Tuberculosis-273,train,test
train_augmented_Tuberculosis-275_0_5304.jpeg,Tuberculosis-275,train,test
train_augmented_Tuberculosis-251_0_9591.jpeg,Tuberculosis-251,train,train
train_augmented_Tuberculosis-267_0_2811.jpeg,Tuberculosis-267,train,train
train_augmented_Tuberculosis-252_0_6332.jpeg,Tuberculosis-252,val,val
train_augmented_Tuberculosis-278_0_8165.jpeg,Tuberculosis-278,test,val
train_augmented_Tuberculosis-258_0_4142.jpeg,Tuberculosis-258,val,train
train_augmented_Tuberculosis-277_0_549.jpeg,Tuberculosis-277,test,test
train_augmented_Tuberculosis-253_0_885.jpeg,Tuberculosis-253,train,test
train_augmented_Tuberculosis-269_0_5349.jpeg,Tuberculosis-269,train,train
train_augmented_Tuberculosis-26_0_5546.jpeg,Tuberculosis-26,test,train
train_augmented_Tuberculosis-249_0_9045.jpeg,Tuberculosis-249,train,train
train_augmented_Tuberculosis-250_0_3751.jpeg,Tuberculosis-250,test,test
train_augmented_Tuberculosis-268_0_98.jpeg,Tuberculosis-268,train,train
train_augmented_Tuberculosis-262_0_907.jpeg,Tuberculosis-262,train,train
train_augmented_Tuberculosis-266_0_1779.jpeg,Tuberculosis-266,train,train
train_augmented_Tuberculosis-255_0_276.jpeg,Tuberculosis-255,train,train
train_augmented_Tuberculosis-273_0_8147.jpeg,Tuberculosis-273,train,test
train_augmented_Tuberculosis-276_0_1084.jpeg,Tuberculosis-276,train,train
train_augmented_Tuberculosis-270_0_2755.jpeg,Tuberculosis-270,train,test
train_augmented_Tuberculosis-250_0_1766.jpeg,Tuberculosis-250,train,test
train_augmented_Tuberculosis-269_0_518.jpeg,Tuberculosis-269,train,train
train_augmented_Tuberculosis-263_0_3392.jpeg,Tuberculosis-263,train,train
train_augmented_Tuberculosis-26_0_2016.jpeg,Tuberculosis-26,val,train
train_augmented_Tuberculosis-269_0_719.jpeg,Tuberculosis-269,train,train
train_augmented_Tuberculosis-268_0_623.jpeg,Tuberculosis-268,train,train
train_augmented_Tuberculosis-268_0_7372.jpeg,Tuberculosis-268,val,train
train_augmented_Tuberculosis-262_0_9136.jpeg,Tuberculosis-262,train,train
train_augmented_Tuberculosis-259_0_796.jpeg,Tuberculosis-259,train,train
train_augmented_Tuberculosis-271_0_6013.jpeg,Tuberculosis-271,test,test
train_augmented_Tuberculosis-266_0_207.jpeg,Tuberculosis-266,train,train
train_augmented_Tuberculosis-276_0_7249.jpeg,Tuberculosis-276,train,train
train_augmented_Tuberculosis-26_0_9178.jpeg,Tuberculosis-26,train,train
train_augmented_Tuberculosis-25_0_6097.jpeg,Tuberculosis-25,train,train
train_augmented_Tuberculosis-248_0_3412.jpeg,Tuberculosis-248,val,train
train_augmented_Tuberculosis-27_0_8815.jpeg,Tuberculosis-27,train,test
train_augmented_Tuberculosis-271_0_8840.jpeg,Tuberculosis-271,test,test
train_augmented_Tuberculosis-260_0_2710.jpeg,Tuberculosis-260,train,test
train_augmented_Tuberculosis-306_0_7850.jpeg,Tuberculosis-306,train,val
train_augmented_Tuberculosis-287_0_9099.jpeg,Tuberculosis-287,train,train
train_augmented_Tuberculosis-291_0_7233.jpeg,Tuberculosis-291,train,train
train_augmented_Tuberculosis-301_0_7741.jpeg,Tuberculosis-301,val,train
train_augmented_Tuberculosis-29_0_9280.jpeg,Tuberculosis-29,train,train
train_augmented_Tuberculosis-304_0_5683.jpeg,Tuberculosis-304,train,test
train_augmented_Tuberculosis-288_0_1370.jpeg,Tuberculosis-288,train,train
train_augmented_Tuberculosis-294_0_4127.jpeg,Tuberculosis-294,train,val
train_augmented_Tuberculosis-294_0_2356.jpeg,Tuberculosis-294,train,val
train_augmented_Tuberculosis-299_0_2908.jpeg,Tuberculosis-299,test,train
train_augmented_Tuberculosis-289_0_6187.jpeg,Tuberculosis-289,val,train
train_augmented_Tuberculosis-30_0_2176.jpeg,Tuberculosis-30,train,train
train_augmented_Tuberculosis-284_0_5726.jpeg,Tuberculosis-284,train,test
train_augmented_Tuberculosis-301_0_3734.jpeg,Tuberculosis-301,train,train
train_augmented_Tuberculosis-302_0_9348.jpeg,Tuberculosis-302,test,test
train_augmented_Tuberculosis-308_0_445.jpeg,Tuberculosis-308,test,test
train_augmented_Tuberculosis-29_0_4710.jpeg,Tuberculosis-29,test,train
train_augmented_Tuberculosis-301_0_2986.jpeg,Tuberculosis-301,train,train
train_augmented_Tuberculosis-283_0_5936.jpeg,Tuberculosis-283,val,train
train_augmented_Tuberculosis-293_0_2329.jpeg,Tuberculosis-293,train,train
train_augmented_Tuberculosis-299_0_6008.jpeg,Tuberculosis-299,test,train
train_augmented_Tuberculosis-290_0_2777.jpeg,Tuberculosis-290,train,train
train_augmented_Tuberculosis-298_0_2308.jpeg,Tuberculosis-298,train,train
train_augmented_Tuberculosis-305_0_1939.jpeg,Tuberculosis-305,train,train
train_augmented_Tuberculosis-285_0_2264.jpeg,Tuberculosis-285,val,test
train_augmented_Tuberculosis-295_0_8691.jpeg,Tuberculosis-295,train,train
train_augmented_Tuberculosis-303_0_7573.jpeg,Tuberculosis-303,train,train
train_augmented_Tuberculosis-290_0_9098.jpeg,Tuberculosis-290,test,train
train_augmented_Tuberculosis-283_0_1255.jpeg,Tuberculosis-283,train,train
train_augmented_Tuberculosis-285_0_9971.jpeg,Tuberculosis-285,train,test
train_augmented_Tuberculosis-281_0_9692.jpeg,Tuberculosis-281,train,test
train_augmented_Tuberculosis-2_0_3179.jpeg,Tuberculosis-2,test,train
train_augmented_Tuberculosis-310_0_2936.jpeg,Tuberculosis-310,train,train
train_augmented_Tuberculosis-313_0_2411.jpeg,Tuberculosis-313,train,train
train_augmented_Tuberculosis-288_0_8248.jpeg,Tuberculosis-288,train,train
train_augmented_Tuberculosis-282_0_3614.jpeg,Tuberculosis-282,train,train
train_augmented_Tuberculosis-306_0_3928.jpeg,Tuberculosis-306,train,val
train_augmented_Tuberculosis-300_0_7698.jpeg,Tuberculosis-300,train,test
train_augmented_Tuberculosis-311_0_7053.jpeg,Tuberculosis-311,train,train
train_augmented_Tuberculosis-303_0_4752.jpeg,Tuberculosis-303,test,train
train_augmented_Tuberculosis-307_0_8942.jpeg,Tuberculosis-307,val,train
train_augmented_Tuberculosis-291_0_2388.jpeg,Tuberculosis-291,train,train
train_augmented_Tuberculosis-308_0_7714.jpeg,Tuberculosis-308,train,test
train_augmented_Tuberculosis-294_0_8059.jpeg,Tuberculosis-294,val,val
train_augmented_Tuberculosis-309_0_4586.jpeg,Tuberculosis-309,train,test
train_augmented_Tuberculosis-312_0_3222.jpeg,Tuberculosis-312,train,test
train_augmented_Tuberculosis-302_0_5529.jpeg,Tuberculosis-302,train,test
train_augmented_Tuberculosis-307_0_7313.jpeg,Tuberculosis-307,test,train
train_augmented_Tuberculosis-292_0_3769.jpeg,Tuberculosis-292,test,test
train_augmented_Tuberculosis-306_0_1277.jpeg,Tuberculosis-306,train,val
train_augmented_Tuberculosis-304_0_3952.jpeg,Tuberculosis-304,train,test
train_augmented_Tuberculosis-284_0_7025.jpeg,Tuberculosis-284,train,test
train_augmented_Tuberculosis-280_0_5057.jpeg,Tuberculosis-280,train,val
train_augmented_Tuberculosis-295_0_2552.jpeg,Tuberculosis-295,train,train
train_augmented_Tuberculosis-287_0_8883.jpeg,Tuberculosis-287,train,train
train_augmented_Tuberculosis-282_0_38.jpeg,Tuberculosis-282,train,train
train_augmented_Tuberculosis-292_0_2625.jpeg,Tuberculosis-292,test,test
train_augmented_Tuberculosis-298_0_9512.jpeg,Tuberculosis-298,train,train
train_augmented_Tuberculosis-28_0_768.jpeg,Tuberculosis-28,train,train
train_augmented_Tuberculosis-281_0_3262.jpeg,Tuberculosis-281,train,test
train_augmented_Tuberculosis-289_0_6798.jpeg,Tuberculosis-289,test,train
train_augmented_Tuberculosis-287_0_3066.jpeg,Tuberculosis-287,val,train
train_augmented_Tuberculosis-30_0_2975.jpeg,Tuberculosis-30,train,train
train_augmented_Tuberculosis-296_0_6887.jpeg,Tuberculosis-296,val,train
train_augmented_Tuberculosis-285_0_8887.jpeg,Tuberculosis-285,train,test
train_augmented_Tuberculosis-288_0_4063.jpeg,Tuberculosis-288,train,train
train_augmented_Tuberculosis-281_0_6153.jpeg,Tuberculosis-281,train,test
train_augmented_Tuberculosis-28_0_165.jpeg,Tuberculosis-28,train,train
train_augmented_Tuberculosis-305_0_5575.jpeg,Tuberculosis-305,train,train
train_augmented_Tuberculosis-312_0_3535.jpeg,Tuberculosis-312,train,test
train_augmented_Tuberculosis-309_0_8018.jpeg,Tuberculosis-309,test,test
train_augmented_Tuberculosis-286_0_6577.jpeg,Tuberculosis-286,train,test
train_augmented_Tuberculosis-304_0_981.jpeg,Tuberculosis-304,train,test
train_augmented_Tuberculosis-282_0_1696.jpeg,Tuberculosis-282,test,train
train_augmented_Tuberculosis-307_0_2056.jpeg,Tuberculosis-307,train,train
train_augmented_Tuberculosis-297_0_3813.jpeg,Tuberculosis-297,train,val
train_augmented_Tuberculosis-291_0_2305.jpeg,Tuberculosis-291,test,train
train_augmented_Tuberculosis-303_0_7681.jpeg,Tuberculosis-303,train,train
train_augmented_Tuberculosis-2_0_5099.jpeg,Tuberculosis-2,train,train
train_augmented_Tuberculosis-310_0_1172.jpeg,Tuberculosis-310,train,train
train_augmented_Tuberculosis-286_0_276.jpeg,Tuberculosis-286,train,test
train_augmented_Tuberculosis-27_0_9527.jpeg,Tuberculosis-27,test,test
train_augmented_Tuberculosis-310_0_7480.jpeg,Tuberculosis-310,train,train
train_augmented_Tuberculosis-284_0_9131.jpeg,Tuberculosis-284,train,test
train_augmented_Tuberculosis-312_0_56.jpeg,Tuberculosis-312,train,test
train_augmented_Tuberculosis-293_0_1709.jpeg,Tuberculosis-293,train,train
train_augmented_Tuberculosis-297_0_5415.jpeg,Tuberculosis-297,train,val
train_augmented_Tuberculosis-28_0_9670.jpeg,Tuberculosis-28,test,train
train_augmented_Tuberculosis-29_0_1259.jpeg,Tuberculosis-29,train,train
train_augmented_Tuberculosis-280_0_2558.jpeg,Tuberculosis-280,train,val
train_augmented_Tuberculosis-286_0_4197.jpeg,Tuberculosis-286,train,test
train_augmented_Tuberculosis-300_0_9198.jpeg,Tuberculosis-300,val,test
train_augmented_Tuberculosis-305_0_4075.jpeg,Tuberculosis-305,train,train
train_augmented_Tuberculosis-308_0_5599.jpeg,Tuberculosis-308,test,test
train_augmented_Tuberculosis-2_0_9780.jpeg,Tuberculosis-2,test,train
train_augmented_Tuberculosis-295_0_5192.jpeg,Tuberculosis-295,val,train
train_augmented_Tuberculosis-309_0_5122.jpeg,Tuberculosis-309,val,test
train_augmented_Tuberculosis-297_0_2782.jpeg,Tuberculosis-297,train,val
train_augmented_Tuberculosis-280_0_5742.jpeg,Tuberculosis-280,test,val
train_augmented_Tuberculosis-283_0_21.jpeg,Tuberculosis-283,train,train
train_augmented_Tuberculosis-296_0_8740.jpeg,Tuberculosis-296,train,train
train_augmented_Tuberculosis-293_0_499.jpeg,Tuberculosis-293,train,train
train_augmented_Tuberculosis-296_0_7480.jpeg,Tuberculosis-296,train,train
train_augmented_Tuberculosis-290_0_5685.jpeg,Tuberculosis-290,val,train
train_augmented_Tuberculosis-311_0_2440.jpeg,Tuberculosis-311,val,train
train_augmented_Tuberculosis-299_0_4454.jpeg,Tuberculosis-299,val,train
train_augmented_Tuberculosis-311_0_1023.jpeg,Tuberculosis-311,train,train
train_augmented_Tuberculosis-302_0_7985.jpeg,Tuberculosis-302,val,test
train_augmented_Tuberculosis-300_0_5666.jpeg,Tuberculosis-300,train,test
train_augmented_Tuberculosis-292_0_9917.jpeg,Tuberculosis-292,train,test
train_augmented_Tuberculosis-289_0_9751.jpeg,Tuberculosis-289,test,train
train_augmented_Tuberculosis-30_0_5574.jpeg,Tuberculosis-30,train,train
train_augmented_Tuberculosis-298_0_4730.jpeg,Tuberculosis-298,train,train
train_augmented_Tuberculosis-332_0_4010.jpeg,Tuberculosis-332,train,train
train_augmented_Tuberculosis-323_0_8834.jpeg,Tuberculosis-323,train,train
train_augmented_Tuberculosis-331_0_3279.jpeg,Tuberculosis-331,test,val
train_augmented_Tuberculosis-31_0_2996.jpeg,Tuberculosis-31,train,train
train_augmented_Tuberculosis-314_0_860.jpeg,Tuberculosis-314,train,test
train_augmented_Tuberculosis-328_0_8557.jpeg,Tuberculosis-328,train,train
train_augmented_Tuberculosis-320_0_3237.jpeg,Tuberculosis-320,train,val
train_augmented_Tuberculosis-327_0_1475.jpeg,Tuberculosis-327,test,test
train_augmented_Tuberculosis-318_0_7032.jpeg,Tuberculosis-318,train,test
train_augmented_Tuberculosis-32_0_6173.jpeg,Tuberculosis-32,train,test
train_augmented_Tuberculosis-324_0_413.jpeg,Tuberculosis-324,test,train
train_augmented_Tuberculosis-329_0_6251.jpeg,Tuberculosis-329,train,train
train_augmented_Tuberculosis-339_0_5784.jpeg,Tuberculosis-339,train,test
train_augmented_Tuberculosis-332_0_6860.jpeg,Tuberculosis-332,train,train
train_augmented_Tuberculosis-333_0_1414.jpeg,Tuberculosis-333,test,train
train_augmented_Tuberculosis-331_0_3242.jpeg,Tuberculosis-331,test,val
train_augmented_Tuberculosis-315_0_5579.jpeg,Tuberculosis-315,train,train
train_augmented_Tuberculosis-317_0_7646.jpeg,Tuberculosis-317,train,test
train_augmented_Tuberculosis-339_0_863.jpeg,Tuberculosis-339,train,test
train_augmented_Tuberculosis-31_0_2481.jpeg,Tuberculosis-31,test,train
train_augmented_Tuberculosis-336_0_4048.jpeg,Tuberculosis-336,train,test
train_augmented_Tuberculosis-335_0_9773.jpeg,Tuberculosis-335,train,train
train_augmented_Tuberculosis-328_0_6632.jpeg,Tuberculosis-328,train,train
train_augmented_Tuberculosis-321_0_1856.jpeg,Tuberculosis-321,train,train
train_augmented_Tuberculosis-335_0_5025.jpeg,Tuberculosis-335,val,train
train_augmented_Tuberculosis-340_0_310.jpeg,Tuberculosis-340,train,test
train_augmented_Tuberculosis-330_0_3479.jpeg,Tuberculosis-330,train,train
train_augmented_Tuberculosis-326_0_3576.jpeg,Tuberculosis-326,train,test
train_augmented_Tuberculosis-324_0_9200.jpeg,Tuberculosis-324,test,train
train_augmented_Tuberculosis-320_0_3173.jpeg,Tuberculosis-320,train,val
train_augmented_Tuberculosis-321_0_7646.jpeg,Tuberculosis-321,train,train
train_augmented_Tuberculosis-333_0_742.jpeg,Tuberculosis-333,test,train
train_augmented_Tuberculosis-314_0_4626.jpeg,Tuberculosis-314,train,test
train_augmented_Tuberculosis-322_0_1920.jpeg,Tuberculosis-322,test,train
train_augmented_Tuberculosis-31_0_2945.jpeg,Tuberculosis-31,val,train
train_augmented_Tuberculosis-313_0_7001.jpeg,Tuberculosis-313,val,train
train_augmented_Tuberculosis-323_0_507.jpeg,Tuberculosis-323,train,train
train_augmented_Tuberculosis-336_0_8812.jpeg,Tuberculosis-336,train,test
train_augmented_Tuberculosis-32_0_9218.jpeg,Tuberculosis-32,train,test
train_augmented_Tuberculosis-330_0_6911.jpeg,Tuberculosis-330,train,train
train_augmented_Tuberculosis-316_0_850.jpeg,Tuberculosis-316,train,train
train_augmented_Tuberculosis-319_0_88.jpeg,Tuberculosis-319,train,train
train_augmented_Tuberculosis-314_0_2937.jpeg,Tuberculosis-314,test,test
train_augmented_Tuberculosis-338_0_8917.jpeg,Tuberculosis-338,train,train
train_augmented_Tuberculosis-316_0_3898.jpeg,Tuberculosis-316,train,train
train_augmented_Tuberculosis-319_0_6411.jpeg,Tuberculosis-319,train,train
train_augmented_Tuberculosis-319_0_5967.jpeg,Tuberculosis-319,test,train
train_augmented_Tuberculosis-326_0_6195.jpeg,Tuberculosis-326,train,test
train_augmented_Tuberculosis-324_0_1598.jpeg,Tuberculosis-324,test,train
train_augmented_Tuberculosis-334_0_2789.jpeg,Tuberculosis-334,test,train
train_augmented_Tuberculosis-317_0_1632.jpeg,Tuberculosis-317,train,test
train_augmented_Tuberculosis-318_0_7120.jpeg,Tuberculosis-318,test,test
train_augmented_Tuberculosis-322_0_5455.jpeg,Tuberculosis-322,train,train
train_augmented_Tuberculosis-33_0_5422.jpeg,Tuberculosis-33,test,train
train_augmented_Tuberculosis-321_0_1547.jpeg,Tuberculosis-321,train,train
train_augmented_Tuberculosis-328_0_910.jpeg,Tuberculosis-328,val,train
train_augmented_Tuberculosis-339_0_3552.jpeg,Tuberculosis-339,train,test
train_augmented_Tuberculosis-323_0_6155.jpeg,Tuberculosis-323,train,train
train_augmented_Tuberculosis-315_0_6114.jpeg,Tuberculosis-315,train,train
train_augmented_Tuberculosis-334_0_6889.jpeg,Tuberculosis-334,train,train
train_augmented_Tuberculosis-330_0_6908.jpeg,Tuberculosis-330,train,train
train_augmented_Tuberculosis-332_0_8479.jpeg,Tuberculosis-332,test,train
train_augmented_Tuberculosis-326_0_2809.jpeg,Tuberculosis-326,train,test
train_augmented_Tuberculosis-32_0_7712.jpeg,Tuberculosis-32,train,test
train_augmented_Tuberculosis-329_0_8892.jpeg,Tuberculosis-329,test,train
train_augmented_Tuberculosis-320_0_3602.jpeg,Tuberculosis-320,val,val
train_augmented_Tuberculosis-327_0_2590.jpeg,Tuberculosis-327,val,test
train_augmented_Tuberculosis-325_0_6864.jpeg,Tuberculosis-325,train,test
train_augmented_Tuberculosis-329_0_2622.jpeg,Tuberculosis-329,train,train
train_augmented_Tuberculosis-337_0_5089.jpeg,Tuberculosis-337,train,train
train_augmented_Tuberculosis-333_0_1371.jpeg,Tuberculosis-333,val,train
train_augmented_Tuberculosis-33_0_1760.jpeg,Tuberculosis-33,train,train
train_augmented_Tuberculosis-325_0_6577.jpeg,Tuberculosis-325,test,test
train_augmented_Tuberculosis-33_0_8078.jpeg,Tuberculosis-33,val,train
train_augmented_Tuberculosis-317_0_8791.jpeg,Tuberculosis-317,test,test
train_augmented_Tuberculosis-315_0_633.jpeg,Tuberculosis-315,train,train
train_augmented_Tuberculosis-322_0_2664.jpeg,Tuberculosis-322,test,train
train_augmented_Tuberculosis-337_0_6114.jpeg,Tuberculosis-337,test,train
train_augmented_Tuberculosis-331_0_1054.jpeg,Tuberculosis-331,train,val
train_augmented_Tuberculosis-313_0_4987.jpeg,Tuberculosis-313,test,train
train_augmented_Tuberculosis-338_0_405.jpeg,Tuberculosis-338,train,train
train_augmented_Tuberculosis-327_0_2541.jpeg,Tuberculosis-327,train,test
train_augmented_Tuberculosis-318_0_2237.jpeg,Tuberculosis-318,train,test
train_augmented_Tuberculosis-334_0_1275.jpeg,Tuberculosis-334,test,train
train_augmented_Tuberculosis-337_0_5454.jpeg,Tuberculosis-337,train,train
train_augmented_Tuberculosis-335_0_1132.jpeg,Tuberculosis-335,train,train
train_augmented_Tuberculosis-325_0_2052.jpeg,Tuberculosis-325,test,test
train_augmented_Tuberculosis-316_0_9954.jpeg,Tuberculosis-316,train,train
train_augmented_Tuberculosis-338_0_700.jpeg,Tuberculosis-338,train,train
train_augmented_Tuberculosis-336_0_8773.jpeg,Tuberculosis-336,train,test
train_augmented_Tuberculosis-363_0_9364.jpeg,Tuberculosis-363,train,val
train_augmented_Tuberculosis-358_0_7252.jpeg,Tuberculosis-358,train,test
train_augmented_Tuberculosis-347_0_3601.jpeg,Tuberculosis-347,train,train
train_augmented_Tuberculosis-354_0_443.jpeg,Tuberculosis-354,train,train
train_augmented_Tuberculosis-366_0_7567.jpeg,Tuberculosis-366,val,train
train_augmented_Tuberculosis-351_0_7106.jpeg,Tuberculosis-351,train,train
train_augmented_Tuberculosis-349_0_4948.jpeg,Tuberculosis-349,train,train
train_augmented_Tuberculosis-34_0_3926.jpeg,Tuberculosis-34,train,val
train_augmented_Tuberculosis-356_0_1477.jpeg,Tuberculosis-356,train,train
train_augmented_Tuberculosis-350_0_9868.jpeg,Tuberculosis-350,train,train
train_augmented_Tuberculosis-352_0_3877.jpeg,Tuberculosis-352,train,train
train_augmented_Tuberculosis-361_0_7563.jpeg,Tuberculosis-361,train,train
train_augmented_Tuberculosis-357_0_9292.jpeg,Tuberculosis-357,train,train
train_augmented_Tuberculosis-360_0_6277.jpeg,Tuberculosis-360,train,train
train_augmented_Tuberculosis-361_0_1436.jpeg,Tuberculosis-361,train,train
train_augmented_Tuberculosis-364_0_8346.jpeg,Tuberculosis-364,train,train
train_augmented_Tuberculosis-353_0_8957.jpeg,Tuberculosis-353,test,test
train_augmented_Tuberculosis-34_0_4395.jpeg,Tuberculosis-34,train,val
train_augmented_Tuberculosis-34_0_6826.jpeg,Tuberculosis-34,test,val
train_augmented_Tuberculosis-343_0_1509.jpeg,Tuberculosis-343,train,train
train_augmented_Tuberculosis-346_0_2581.jpeg,Tuberculosis-346,test,val
train_augmented_Tuberculosis-362_0_9791.jpeg,Tuberculosis-362,val,train
train_augmented_Tuberculosis-344_0_1285.jpeg,Tuberculosis-344,train,train
train_augmented_Tuberculosis-344_0_5362.jpeg,Tuberculosis-344,test,train
train_augmented_Tuberculosis-355_0_458.jpeg,Tuberculosis-355,train,train
train_augmented_Tuberculosis-358_0_655.jpeg,Tuberculosis-358,train,test
train_augmented_Tuberculosis-365_0_9452.jpeg,Tuberculosis-365,val,val
train_augmented_Tuberculosis-347_0_6136.jpeg,Tuberculosis-347,train,train
train_augmented_Tuberculosis-355_0_1415.jpeg,Tuberculosis-355,train,train
train_augmented_Tuberculosis-365_0_8247.jpeg,Tuberculosis-365,train,val
train_augmented_Tuberculosis-351_0_8546.jpeg,Tuberculosis-351,train,train
train_augmented_Tuberculosis-362_0_1313.jpeg,Tuberculosis-362,train,train
train_augmented_Tuberculosis-341_0_1016.jpeg,Tuberculosis-341,val,train
train_augmented_Tuberculosis-358_0_6019.jpeg,Tuberculosis-358,val,test
train_augmented_Tuberculosis-353_0_9630.jpeg,Tuberculosis-353,val,test
train_augmented_Tuberculosis-364_0_7368.jpeg,Tuberculosis-364,train,train
train_augmented_Tuberculosis-341_0_6911.jpeg,Tuberculosis-341,test,train
train_augmented_Tuberculosis-342_0_284.jpeg,Tuberculosis-342,train,test
train_augmented_Tuberculosis-35_0_7495.jpeg,Tuberculosis-35,test,test
train_augmented_Tuberculosis-366_0_6808.jpeg,Tuberculosis-366,train,train
train_augmented_Tuberculosis-360_0_4985.jpeg,Tuberculosis-360,train,train
train_augmented_Tuberculosis-345_0_9075.jpeg,Tuberculosis-345,train,test
train_augmented_Tuberculosis-356_0_7127.jpeg,Tuberculosis-356,train,train
train_augmented_Tuberculosis-359_0_5210.jpeg,Tuberculosis-359,train,val
train_augmented_Tuberculosis-359_0_1258.jpeg,Tuberculosis-359,train,val
train_augmented_Tuberculosis-359_0_5517.jpeg,Tuberculosis-359,test,val
train_augmented_Tuberculosis-345_0_6824.jpeg,Tuberculosis-345,train,test
train_augmented_Tuberculosis-367_0_2043.jpeg,Tuberculosis-367,train,test
train_augmented_Tuberculosis-350_0_3644.jpeg,Tuberculosis-350,train,train
train_augmented_Tuberculosis-348_0_6781.jpeg,Tuberculosis-348,test,val
train_augmented_Tuberculosis-35_0_4262.jpeg,Tuberculosis-35,test,test
train_augmented_Tuberculosis-352_0_8121.jpeg,Tuberculosis-352,train,train
train_augmented_Tuberculosis-341_0_8765.jpeg,Tuberculosis-341,test,train
train_augmented_Tuberculosis-356_0_2772.jpeg,Tuberculosis-356,train,train
train_augmented_Tuberculosis-363_0_5188.jpeg,Tuberculosis-363,train,val
train_augmented_Tuberculosis-343_0_1390.jpeg,Tuberculosis-343,train,train
train_augmented_Tuberculosis-340_0_6072.jpeg,Tuberculosis-340,test,test
train_augmented_Tuberculosis-349_0_793.jpeg,Tuberculosis-349,train,train
train_augmented_Tuberculosis-35_0_5962.jpeg,Tuberculosis-35,train,test
train_augmented_Tuberculosis-360_0_5191.jpeg,Tuberculosis-360,val,train
train_augmented_Tuberculosis-357_0_7184.jpeg,Tuberculosis-357,train,train
train_augmented_Tuberculosis-362_0_9339.jpeg,Tuberculosis-362,train,train
train_augmented_Tuberculosis-354_0_8946.jpeg,Tuberculosis-354,test,train
train_augmented_Tuberculosis-343_0_8287.jpeg,Tuberculosis-343,train,train
train_augmented_Tuberculosis-365_0_8679.jpeg,Tuberculosis-365,train,val
train_augmented_Tuberculosis-348_0_255.jpeg,Tuberculosis-348,val,val
train_augmented_Tuberculosis-347_0_7739.jpeg,Tuberculosis-347,train,train
train_augmented_Tuberculosis-344_0_5529.jpeg,Tuberculosis-344,train,train
train_augmented_Tuberculosis-357_0_8728.jpeg,Tuberculosis-357,train,train
train_augmented_Tuberculosis-342_0_9975.jpeg,Tuberculosis-342,test,test
train_augmented_Tuberculosis-363_0_4683.jpeg,Tuberculosis-363,train,val
train_augmented_Tuberculosis-351_0_2534.jpeg,Tuberculosis-351,train,train
train_augmented_Tuberculosis-354_0_4427.jpeg,Tuberculosis-354,train,train
train_augmented_Tuberculosis-349_0_4535.jpeg,Tuberculosis-349,train,train
train_augmented_Tuberculosis-361_0_3477.jpeg,Tuberculosis-361,train,train
train_augmented_Tuberculosis-350_0_2013.jpeg,Tuberculosis-350,train,train
train_augmented_Tuberculosis-346_0_7663.jpeg,Tuberculosis-346,train,val
train_augmented_Tuberculosis-364_0_766.jpeg,Tuberculosis-364,train,train
train_augmented_Tuberculosis-345_0_3185.jpeg,Tuberculosis-345,train,test
train_augmented_Tuberculosis-366_0_3228.jpeg,Tuberculosis-366,test,train
train_augmented_Tuberculosis-340_0_9834.jpeg,Tuberculosis-340,train,test
train_augmented_Tuberculosis-352_0_8412.jpeg,Tuberculosis-352,train,train
train_augmented_Tuberculosis-342_0_8318.jpeg,Tuberculosis-342,train,test
train_augmented_Tuberculosis-348_0_3190.jpeg,Tuberculosis-348,val,val
train_augmented_Tuberculosis-353_0_5285.jpeg,Tuberculosis-353,train,test
train_augmented_Tuberculosis-355_0_1599.jpeg,Tuberculosis-355,train,train
train_augmented_Tuberculosis-346_0_7369.jpeg,Tuberculosis-346,train,val
train_augmented_Tuberculosis-368_0_8285.jpeg,Tuberculosis-368,train,train
train_augmented_Tuberculosis-376_0_3536.jpeg,Tuberculosis-376,test,train
train_augmented_Tuberculosis-372_0_7423.jpeg,Tuberculosis-372,train,train
train_augmented_Tuberculosis-37_0_4286.jpeg,Tuberculosis-37,train,train
train_augmented_Tuberculosis-368_0_8695.jpeg,Tuberculosis-368,test,train
train_augmented_Tuberculosis-367_0_4009.jpeg,Tuberculosis-367,train,test
train_augmented_Tuberculosis-371_0_5773.jpeg,Tuberculosis-371,train,train
train_augmented_Tuberculosis-375_0_9027.jpeg,Tuberculosis-375,test,train
train_augmented_Tuberculosis-378_0_6477.jpeg,Tuberculosis-378,train,train
train_augmented_Tuberculosis-374_0_5817.jpeg,Tuberculosis-374,train,test
train_augmented_Tuberculosis-376_0_1569.jpeg,Tuberculosis-376,train,train
train_augmented_Tuberculosis-375_0_9831.jpeg,Tuberculosis-375,train,train
train_augmented_Tuberculosis-377_0_2047.jpeg,Tuberculosis-377,train,val
train_augmented_Tuberculosis-371_0_5518.jpeg,Tuberculosis-371,train,train
train_augmented_Tuberculosis-381_0_9151.jpeg,Tuberculosis-381,train,val
train_augmented_Tuberculosis-374_0_7732.jpeg,Tuberculosis-374,train,test
train_augmented_Tuberculosis-379_0_9801.jpeg,Tuberculosis-379,test,train
train_augmented_Tuberculosis-370_0_5742.jpeg,Tuberculosis-370,train,train
train_augmented_Tuberculosis-381_0_3736.jpeg,Tuberculosis-381,test,val
train_augmented_Tuberculosis-379_0_2060.jpeg,Tuberculosis-379,train,train
train_augmented_Tuberculosis-372_0_4325.jpeg,Tuberculosis-372,train,train
train_augmented_Tuberculosis-377_0_5196.jpeg,Tuberculosis-377,train,val
train_augmented_Tuberculosis-378_0_5904.jpeg,Tuberculosis-378,test,train
train_augmented_Tuberculosis-380_0_7728.jpeg,Tuberculosis-380,train,test
train_augmented_Tuberculosis-369_0_9509.jpeg,Tuberculosis-369,val,train
train_augmented_Tuberculosis-375_0_1112.jpeg,Tuberculosis-375,train,train
train_augmented_Tuberculosis-373_0_927.jpeg,Tuberculosis-373,train,train
train_augmented_Tuberculosis-384_0_5980.jpeg,Tuberculosis-384,train,train
train_augmented_Tuberculosis-372_0_9062.jpeg,Tuberculosis-372,test,train
train_augmented_Tuberculosis-370_0_2614.jpeg,Tuberculosis-370,test,train
train_augmented_Tuberculosis-373_0_7779.jpeg,Tuberculosis-373,test,train
train_augmented_Tuberculosis-384_0_6342.jpeg,Tuberculosis-384,train,train
train_augmented_Tuberculosis-36_0_1521.jpeg,Tuberculosis-36,test,train
train_augmented_Tuberculosis-371_0_5185.jpeg,Tuberculosis-371,train,train
train_augmented_Tuberculosis-379_0_8926.jpeg,Tuberculosis-379,train,train
train_augmented_Tuberculosis-367_0_8543.jpeg,Tuberculosis-367,train,test
train_augmented_Tuberculosis-36_0_607.jpeg,Tuberculosis-36,train,train
train_augmented_Tuberculosis-380_0_6800.jpeg,Tuberculosis-380,test,test
train_augmented_Tuberculosis-370_0_6918.jpeg,Tuberculosis-370,train,train
train_augmented_Tuberculosis-368_0_661.jpeg,Tuberculosis-368,train,train
train_augmented_Tuberculosis-383_0_8387.jpeg,Tuberculosis-383,train,test
train_augmented_Tuberculosis-378_0_5102.jpeg,Tuberculosis-378,train,train
train_augmented_Tuberculosis-382_0_9905.jpeg,Tuberculosis-382,test,train
train_augmented_Tuberculosis-374_0_8152.jpeg,Tuberculosis-374,train,test
train_augmented_Tuberculosis-380_0_446.jpeg,Tuberculosis-380,train,test
train_augmented_Tuberculosis-381_0_103.jpeg,Tuberculosis-381,train,val
train_augmented_Tuberculosis-36_0_40.jpeg,Tuberculosis-36,train,train
train_augmented_Tuberculosis-376_0_4900.jpeg,Tuberculosis-376,train,train
train_augmented_Tuberculosis-37_0_5940.jpeg,Tuberculosis-37,test,train
train_augmented_Tuberculosis-383_0_761.jpeg,Tuberculosis-383,train,test
train_augmented_Tuberculosis-373_0_477.jpeg,Tuberculosis-373,train,train
train_augmented_Tuberculosis-382_0_8763.jpeg,Tuberculosis-382,test,train
train_augmented_Tuberculosis-383_0_1507.jpeg,Tuberculosis-383,train,test
train_augmented_Tuberculosis-37_0_912.jpeg,Tuberculosis-37,train,train
train_augmented_Tuberculosis-369_0_5416.jpeg,Tuberculosis-369,train,train
train_augmented_Tuberculosis-369_0_2350.jpeg,Tuberculosis-369,test,train
train_augmented_Tuberculosis-377_0_933.jpeg,Tuberculosis-377,train,val
train_augmented_Tuberculosis-382_0_1653.jpeg,Tuberculosis-382,train,train
train_augmented_Tuberculosis-399_0_8434.jpeg,Tuberculosis-399,test,train
train_augmented_Tuberculosis-401_0_2192.jpeg,Tuberculosis-401,train,train
train_augmented_Tuberculosis-38_0_1781.jpeg,Tuberculosis-38,train,train
train_augmented_Tuberculosis-399_0_6045.jpeg,Tuberculosis-399,train,train
train_augmented_Tuberculosis-402_0_6470.jpeg,Tuberculosis-402,train,train
train_augmented_Tuberculosis-3_0_5429.jpeg,Tuberculosis-3,train,train
train_augmented_Tuberculosis-389_0_1282.jpeg,Tuberculosis-389,val,train
train_augmented_Tuberculosis-390_0_116.jpeg,Tuberculosis-390,train,train
train_augmented_Tuberculosis-403_0_965.jpeg,Tuberculosis-403,test,train
train_augmented_Tuberculosis-3_0_4153.jpeg,Tuberculosis-3,train,train
train_augmented_Tuberculosis-391_0_5759.jpeg,Tuberculosis-391,train,test
train_augmented_Tuberculosis-396_0_5030.jpeg,Tuberculosis-396,train,train
train_augmented_Tuberculosis-393_0_512.jpeg,Tuberculosis-393,train,train
train_augmented_Tuberculosis-40_0_7278.jpeg,Tuberculosis-40,val,train
train_augmented_Tuberculosis-385_0_3260.jpeg,Tuberculosis-385,val,val
train_augmented_Tuberculosis-410_0_3859.jpeg,Tuberculosis-410,train,train
train_augmented_Tuberculosis-404_0_368.jpeg,Tuberculosis-404,train,train
train_augmented_Tuberculosis-398_0_5853.jpeg,Tuberculosis-398,train,train
train_augmented_Tuberculosis-401_0_281.jpeg,Tuberculosis-401,train,train
train_augmented_Tuberculosis-402_0_1080.jpeg,Tuberculosis-402,train,train
train_augmented_Tuberculosis-390_0_460.jpeg,Tuberculosis-390,train,train
train_augmented_Tuberculosis-391_0_7138.jpeg,Tuberculosis-391,test,test
train_augmented_Tuberculosis-409_0_8658.jpeg,Tuberculosis-409,train,train
train_augmented_Tuberculosis-392_0_5972.jpeg,Tuberculosis-392,train,test
train_augmented_Tuberculosis-398_0_6474.jpeg,Tuberculosis-398,train,train
train_augmented_Tuberculosis-388_0_9057.jpeg,Tuberculosis-388,train,train
train_augmented_Tuberculosis-387_0_7967.jpeg,Tuberculosis-387,train,test
train_augmented_Tuberculosis-386_0_621.jpeg,Tuberculosis-386,train,test
train_augmented_Tuberculosis-38_0_8999.jpeg,Tuberculosis-38,train,train
train_augmented_Tuberculosis-400_0_4887.jpeg,Tuberculosis-400,val,train
train_augmented_Tuberculosis-404_0_477.jpeg,Tuberculosis-404,train,train
train_augmented_Tuberculosis-407_0_1972.jpeg,Tuberculosis-407,train,train
train_augmented_Tuberculosis-39_0_5804.jpeg,Tuberculosis-39,test,test
train_augmented_Tuberculosis-400_0_5442.jpeg,Tuberculosis-400,train,train
train_augmented_Tuberculosis-400_0_764.jpeg,Tuberculosis-400,train,train
train_augmented_Tuberculosis-401_0_5998.jpeg,Tuberculosis-401,train,train
train_augmented_Tuberculosis-408_0_8303.jpeg,Tuberculosis-408,train,train
train_augmented_Tuberculosis-405_0_4552.jpeg,Tuberculosis-405,train,train
train_augmented_Tuberculosis-391_0_9911.jpeg,Tuberculosis-391,train,test
train_augmented_Tuberculosis-392_0_3976.jpeg,Tuberculosis-392,train,test
train_augmented_Tuberculosis-393_0_6495.jpeg,Tuberculosis-393,train,train
train_augmented_Tuberculosis-389_0_5479.jpeg,Tuberculosis-389,train,train
train_augmented_Tuberculosis-386_0_9297.jpeg,Tuberculosis-386,train,test
train_augmented_Tuberculosis-402_0_4880.jpeg,Tuberculosis-402,test,train
train_augmented_Tuberculosis-394_0_5166.jpeg,Tuberculosis-394,train,train
train_augmented_Tuberculosis-403_0_1013.jpeg,Tuberculosis-403,test,train
train_augmented_Tuberculosis-409_0_3876.jpeg,Tuberculosis-409,test,train
train_augmented_Tuberculosis-394_0_1149.jpeg,Tuberculosis-394,test,train
train_augmented_Tuberculosis-405_0_7965.jpeg,Tuberculosis-405,train,train
train_augmented_Tuberculosis-396_0_8298.jpeg,Tuberculosis-396,val,train
train_augmented_Tuberculosis-39_0_5633.jpeg,Tuberculosis-39,train,test
train_augmented_Tuberculosis-388_0_1866.jpeg,Tuberculosis-388,test,train
train_augmented_Tuberculosis-396_0_6215.jpeg,Tuberculosis-396,train,train
train_augmented_Tuberculosis-397_0_4399.jpeg,Tuberculosis-397,train,val
train_augmented_Tuberculosis-399_0_9328.jpeg,Tuberculosis-399,train,train
train_augmented_Tuberculosis-398_0_7460.jpeg,Tuberculosis-398,train,train
train_augmented_Tuberculosis-403_0_7208.jpeg,Tuberculosis-403,val,train
train_augmented_Tuberculosis-390_0_1520.jpeg,Tuberculosis-390,val,train
train_augmented_Tuberculosis-395_0_7457.jpeg,Tuberculosis-395,train,train
train_augmented_Tuberculosis-397_0_9757.jpeg,Tuberculosis-397,train,val
train_augmented_Tuberculosis-40_0_5408.jpeg,Tuberculosis-40,train,train
train_augmented_Tuberculosis-385_0_9508.jpeg,Tuberculosis-385,train,val
train_augmented_Tuberculosis-387_0_28.jpeg,Tuberculosis-387,train,test
train_augmented_Tuberculosis-40_0_5426.jpeg,Tuberculosis-40,train,train
train_augmented_Tuberculosis-39_0_5827.jpeg,Tuberculosis-39,train,test
train_augmented_Tuberculosis-407_0_5474.jpeg,Tuberculosis-407,test,train
train_augmented_Tuberculosis-410_0_2431.jpeg,Tuberculosis-410,test,train
train_augmented_Tuberculosis-389_0_4380.jpeg,Tuberculosis-389,test,train
train_augmented_Tuberculosis-392_0_5455.jpeg,Tuberculosis-392,train,test
train_augmented_Tuberculosis-395_0_7731.jpeg,Tuberculosis-395,train,train
train_augmented_Tuberculosis-38_0_4930.jpeg,Tuberculosis-38,test,train
train_augmented_Tuberculosis-408_0_7160.jpeg,Tuberculosis-408,train,train
train_augmented_Tuberculosis-408_0_5416.jpeg,Tuberculosis-408,test,train
train_augmented_Tuberculosis-3_0_1010.jpeg,Tuberculosis-3,train,train
train_augmented_Tuberculosis-393_0_4843.jpeg,Tuberculosis-393,train,train
train_augmented_Tuberculosis-410_0_8968.jpeg,Tuberculosis-410,train,train
train_augmented_Tuberculosis-406_0_123.jpeg,Tuberculosis-406,train,train
train_augmented_Tuberculosis-406_0_7102.jpeg,Tuberculosis-406,train,train
train_augmented_Tuberculosis-386_0_2881.jpeg,Tuberculosis-386,test,test
train_augmented_Tuberculosis-405_0_2010.jpeg,Tuberculosis-405,train,train
train_augmented_Tuberculosis-394_0_1591.jpeg,Tuberculosis-394,train,train
train_augmented_Tuberculosis-385_0_4506.jpeg,Tuberculosis-385,train,val
train_augmented_Tuberculosis-409_0_2596.jpeg,Tuberculosis-409,train,train
train_augmented_Tuberculosis-395_0_7373.jpeg,Tuberculosis-395,train,train
train_augmented_Tuberculosis-406_0_9212.jpeg,Tuberculosis-406,train,train
train_augmented_Tuberculosis-388_0_9480.jpeg,Tuberculosis-388,val,train
train_augmented_Tuberculosis-404_0_4930.jpeg,Tuberculosis-404,train,train
train_augmented_Tuberculosis-397_0_1712.jpeg,Tuberculosis-397,train,val
train_augmented_Tuberculosis-407_0_5186.jpeg,Tuberculosis-407,train,train
train_augmented_Tuberculosis-387_0_5365.jpeg,Tuberculosis-387,train,test
train_augmented_Tuberculosis-384_0_9238.jpeg,Tuberculosis-384,train,train
train_augmented_Tuberculosis-428_0_6022.jpeg,Tuberculosis-428,test,test
train_augmented_Tuberculosis-417_0_7109.jpeg,Tuberculosis-417,val,train
train_augmented_Tuberculosis-412_0_4983.jpeg,Tuberculosis-412,train,train
train_augmented_Tuberculosis-430_0_8370.jpeg,Tuberculosis-430,test,train
train_augmented_Tuberculosis-415_0_8785.jpeg,Tuberculosis-415,train,test
train_augmented_Tuberculosis-418_0_9356.jpeg,Tuberculosis-418,train,train
train_augmented_Tuberculosis-431_0_6497.jpeg,Tuberculosis-431,test,train
train_augmented_Tuberculosis-41_0_6201.jpeg,Tuberculosis-41,train,test
train_augmented_Tuberculosis-426_0_9705.jpeg,Tuberculosis-426,val,train
train_augmented_Tuberculosis-430_0_7729.jpeg,Tuberculosis-430,train,train
train_augmented_Tuberculosis-424_0_9090.jpeg,Tuberculosis-424,train,train
train_augmented_Tuberculosis-411_0_7150.jpeg,Tuberculosis-411,test,test
train_augmented_Tuberculosis-432_0_6923.jpeg,Tuberculosis-432,test,train
train_augmented_Tuberculosis-436_0_4766.jpeg,Tuberculosis-436,val,test
train_augmented_Tuberculosis-415_0_6901.jpeg,Tuberculosis-415,train,test
train_augmented_Tuberculosis-427_0_7944.jpeg,Tuberculosis-427,train,test
train_augmented_Tuberculosis-421_0_7635.jpeg,Tuberculosis-421,train,train
train_augmented_Tuberculosis-418_0_1109.jpeg,Tuberculosis-418,test,train
train_augmented_Tuberculosis-41_0_4297.jpeg,Tuberculosis-41,train,test
train_augmented_Tuberculosis-419_0_8145.jpeg,Tuberculosis-419,train,test
train_augmented_Tuberculosis-437_0_2381.jpeg,Tuberculosis-437,train,train
train_augmented_Tuberculosis-437_0_2975.jpeg,Tuberculosis-437,train,train
train_augmented_Tuberculosis-413_0_2838.jpeg,Tuberculosis-413,test,test
train_augmented_Tuberculosis-420_0_4955.jpeg,Tuberculosis-420,train,train
train_augmented_Tuberculosis-434_0_4511.jpeg,Tuberculosis-434,train,val
train_augmented_Tuberculosis-433_0_9024.jpeg,Tuberculosis-433,val,val
train_augmented_Tuberculosis-434_0_6355.jpeg,Tuberculosis-434,test,val
train_augmented_Tuberculosis-432_0_7824.jpeg,Tuberculosis-432,test,train
train_augmented_Tuberculosis-415_0_6800.jpeg,Tuberculosis-415,train,test
train_augmented_Tuberculosis-42_0_4820.jpeg,Tuberculosis-42,test,train
train_augmented_Tuberculosis-420_0_9540.jpeg,Tuberculosis-420,train,train
train_augmented_Tuberculosis-412_0_8482.jpeg,Tuberculosis-412,train,train
train_augmented_Tuberculosis-411_0_9250.jpeg,Tuberculosis-411,train,test
train_augmented_Tuberculosis-431_0_1178.jpeg,Tuberculosis-431,train,train
train_augmented_Tuberculosis-424_0_4043.jpeg,Tuberculosis-424,train,train
train_augmented_Tuberculosis-423_0_4105.jpeg,Tuberculosis-423,train,train
train_augmented_Tuberculosis-417_0_9247.jpeg,Tuberculosis-417,train,train
train_augmented_Tuberculosis-42_0_1190.jpeg,Tuberculosis-42,test,train
train_augmented_Tuberculosis-429_0_2979.jpeg,Tuberculosis-429,train,val
train_augmented_Tuberculosis-425_0_2590.jpeg,Tuberculosis-425,train,train
train_augmented_Tuberculosis-430_0_9126.jpeg,Tuberculosis-430,train,train
train_augmented_Tuberculosis-426_0_7731.jpeg,Tuberculosis-426,train,train
train_augmented_Tuberculosis-438_0_1222.jpeg,Tuberculosis-438,train,train
train_augmented_Tuberculosis-434_0_5928.jpeg,Tuberculosis-434,train,val
train_augmented_Tuberculosis-413_0_7324.jpeg,Tuberculosis-413,train,test
train_augmented_Tuberculosis-422_0_676.jpeg,Tuberculosis-422,train,val
train_augmented_Tuberculosis-433_0_7111.jpeg,Tuberculosis-433,test,val
train_augmented_Tuberculosis-427_0_1933.jpeg,Tuberculosis-427,test,test
train_augmented_Tuberculosis-413_0_4712.jpeg,Tuberculosis-413,val,test
train_augmented_Tuberculosis-435_0_4117.jpeg,Tuberculosis-435,train,val
train_augmented_Tuberculosis-42_0_3111.jpeg,Tuberculosis-42,train,train
train_augmented_Tuberculosis-422_0_5333.jpeg,Tuberculosis-422,train,val
train_augmented_Tuberculosis-423_0_7843.jpeg,Tuberculosis-423,train,train
train_augmented_Tuberculosis-435_0_1835.jpeg,Tuberculosis-435,val,val
train_augmented_Tuberculosis-421_0_6376.jpeg,Tuberculosis-421,train,train
train_augmented_Tuberculosis-428_0_2448.jpeg,Tuberculosis-428,train,test
train_augmented_Tuberculosis-436_0_2807.jpeg,Tuberculosis-436,train,test
train_augmented_Tuberculosis-423_0_7120.jpeg,Tuberculosis-423,train,train
train_augmented_Tuberculosis-418_0_2499.jpeg,Tuberculosis-418,train,train
train_augmented_Tuberculosis-419_0_1760.jpeg,Tuberculosis-419,train,test
train_augmented_Tuberculosis-437_0_7954.jpeg,Tuberculosis-437,train,train
train_augmented_Tuberculosis-41_0_2742.jpeg,Tuberculosis-41,train,test
train_augmented_Tuberculosis-424_0_1641.jpeg,Tuberculosis-424,train,train
train_augmented_Tuberculosis-427_0_3522.jpeg,Tuberculosis-427,train,test
train_augmented_Tuberculosis-432_0_710.jpeg,Tuberculosis-432,train,train
train_augmented_Tuberculosis-425_0_1489.jpeg,Tuberculosis-425,train,train
train_augmented_Tuberculosis-421_0_9174.jpeg,Tuberculosis-421,train,train
train_augmented_Tuberculosis-416_0_2117.jpeg,Tuberculosis-416,train,train
train_augmented_Tuberculosis-416_0_4353.jpeg,Tuberculosis-416,train,train
train_augmented_Tuberculosis-436_0_4.jpeg,Tuberculosis-436,train,test
train_augmented_Tuberculosis-417_0_1083.jpeg,Tuberculosis-417,train,train
train_augmented_Tuberculosis-435_0_7419.jpeg,Tuberculosis-435,val,val
train_augmented_Tuberculosis-419_0_7706.jpeg,Tuberculosis-419,train,test
train_augmented_Tuberculosis-429_0_4216.jpeg,Tuberculosis-429,train,val
train_augmented_Tuberculosis-428_0_4694.jpeg,Tuberculosis-428,train,test
train_augmented_Tuberculosis-414_0_2003.jpeg,Tuberculosis-414,test,test
train_augmented_Tuberculosis-414_0_5529.jpeg,Tuberculosis-414,train,test
train_augmented_Tuberculosis-412_0_9745.jpeg,Tuberculosis-412,train,train
train_augmented_Tuberculosis-433_0_211.jpeg,Tuberculosis-433,train,val
train_augmented_Tuberculosis-425_0_2291.jpeg,Tuberculosis-425,test,train
train_augmented_Tuberculosis-429_0_1457.jpeg,Tuberculosis-429,train,val
train_augmented_Tuberculosis-420_0_367.jpeg,Tuberculosis-420,test,train
train_augmented_Tuberculosis-411_0_5016.jpeg,Tuberculosis-411,train,test
train_augmented_Tuberculosis-431_0_6371.jpeg,Tuberculosis-431,train,train
train_augmented_Tuberculosis-414_0_8188.jpeg,Tuberculosis-414,test,test
train_augmented_Tuberculosis-416_0_4956.jpeg,Tuberculosis-416,train,train
train_augmented_Tuberculosis-422_0_1030.jpeg,Tuberculosis-422,train,val
train_augmented_Tuberculosis-426_0_9885.jpeg,Tuberculosis-426,train,train
train_augmented_Tuberculosis-451_0_2010.jpeg,Tuberculosis-451,train,train
train_augmented_Tuberculosis-442_0_3481.jpeg,Tuberculosis-442,train,train
train_augmented_Tuberculosis-442_0_930.jpeg,Tuberculosis-442,train,train
train_augmented_Tuberculosis-461_0_9274.jpeg,Tuberculosis-461,train,val
train_augmented_Tuberculosis-460_0_8688.jpeg,Tuberculosis-460,train,train
train_augmented_Tuberculosis-453_0_5728.jpeg,Tuberculosis-453,test,test
train_augmented_Tuberculosis-443_0_2302.jpeg,Tuberculosis-443,train,train
train_augmented_Tuberculosis-453_0_9875.jpeg,Tuberculosis-453,train,test
train_augmented_Tuberculosis-439_0_5837.jpeg,Tuberculosis-439,train,train
train_augmented_Tuberculosis-438_0_5392.jpeg,Tuberculosis-438,test,train
train_augmented_Tuberculosis-448_0_4578.jpeg,Tuberculosis-448,train,val
train_augmented_Tuberculosis-443_0_4.jpeg,Tuberculosis-443,train,train
train_augmented_Tuberculosis-452_0_2249.jpeg,Tuberculosis-452,train,train
train_augmented_Tuberculosis-459_0_5173.jpeg,Tuberculosis-459,train,train
train_augmented_Tuberculosis-458_0_1439.jpeg,Tuberculosis-458,train,test
train_augmented_Tuberculosis-452_0_2856.jpeg,Tuberculosis-452,test,train
train_augmented_Tuberculosis-444_0_5501.jpeg,Tuberculosis-444,train,train
train_augmented_Tuberculosis-446_0_5451.jpeg,Tuberculosis-446,train,train
train_augmented_Tuberculosis-445_0_3421.jpeg,Tuberculosis-445,train,val
train_augmented_Tuberculosis-445_0_9365.jpeg,Tuberculosis-445,train,val
train_augmented_Tuberculosis-43_0_1801.jpeg,Tuberculosis-43,val,test
train_augmented_Tuberculosis-457_0_8707.jpeg,Tuberculosis-457,train,val
train_augmented_Tuberculosis-461_0_938.jpeg,Tuberculosis-461,train,val
train_augmented_Tuberculosis-44_0_9021.jpeg,Tuberculosis-44,train,train
train_augmented_Tuberculosis-43_0_5551.jpeg,Tuberculosis-43,test,test
train_augmented_Tuberculosis-461_0_1008.jpeg,Tuberculosis-461,train,val
train_augmented_Tuberculosis-457_0_3355.jpeg,Tuberculosis-457,train,val
train_augmented_Tuberculosis-444_0_151.jpeg,Tuberculosis-444,train,train
train_augmented_Tuberculosis-460_0_3740.jpeg,Tuberculosis-460,val,train
train_augmented_Tuberculosis-459_0_476.jpeg,Tuberculosis-459,val,train
train_augmented_Tuberculosis-449_0_948.jpeg,Tuberculosis-449,train,train
train_augmented_Tuberculosis-448_0_9106.jpeg,Tuberculosis-448,train,val
train_augmented_Tuberculosis-444_0_5300.jpeg,Tuberculosis-444,test,train
train_augmented_Tuberculosis-449_0_6883.jpeg,Tuberculosis-449,train,train
train_augmented_Tuberculosis-465_0_5258.jpeg,Tuberculosis-465,train,test
train_augmented_Tuberculosis-466_0_2732.jpeg,Tuberculosis-466,train,train
train_augmented_Tuberculosis-463_0_4550.jpeg,Tuberculosis-463,test,train
train_augmented_Tuberculosis-463_0_4876.jpeg,Tuberculosis-463,val,train
train_augmented_Tuberculosis-44_0_9238.jpeg,Tuberculosis-44,val,train
train_augmented_Tuberculosis-454_0_110.jpeg,Tuberculosis-454,train,train
train_augmented_Tuberculosis-447_0_9440.jpeg,Tuberculosis-447,train,val
train_augmented_Tuberculosis-455_0_7057.jpeg,Tuberculosis-455,train,train
train_augmented_Tuberculosis-451_0_1384.jpeg,Tuberculosis-451,val,train
train_augmented_Tuberculosis-45_0_1387.jpeg,Tuberculosis-45,train,val
train_augmented_Tuberculosis-450_0_5880.jpeg,Tuberculosis-450,train,train
train_augmented_Tuberculosis-450_0_2025.jpeg,Tuberculosis-450,train,train
train_augmented_Tuberculosis-44_0_2621.jpeg,Tuberculosis-44,test,train
train_augmented_Tuberculosis-466_0_1681.jpeg,Tuberculosis-466,train,train
train_augmented_Tuberculosis-455_0_1980.jpeg,Tuberculosis-455,train,train
train_augmented_Tuberculosis-446_0_474.jpeg,Tuberculosis-446,train,train
train_augmented_Tuberculosis-450_0_3005.jpeg,Tuberculosis-450,train,train
train_augmented_Tuberculosis-448_0_1123.jpeg,Tuberculosis-448,train,val
train_augmented_Tuberculosis-45_0_6864.jpeg,Tuberculosis-45,train,val
train_augmented_Tuberculosis-456_0_5415.jpeg,Tuberculosis-456,test,train
train_augmented_Tuberculosis-458_0_3427.jpeg,Tuberculosis-458,val,test
train_augmented_Tuberculosis-438_0_516.jpeg,Tuberculosis-438,train,train
train_augmented_Tuberculosis-463_0_7296.jpeg,Tuberculosis-463,train,train
train_augmented_Tuberculosis-462_0_836.jpeg,Tuberculosis-462,train,val
train_augmented_Tuberculosis-458_0_7281.jpeg,Tuberculosis-458,train,test
train_augmented_Tuberculosis-457_0_6292.jpeg,Tuberculosis-457,train,val
train_augmented_Tuberculosis-449_0_9089.jpeg,Tuberculosis-449,train,train
train_augmented_Tuberculosis-440_0_1937.jpeg,Tuberculosis-440,train,test
train_augmented_Tuberculosis-447_0_5465.jpeg,Tuberculosis-447,test,val
train_augmented_Tuberculosis-439_0_8344.jpeg,Tuberculosis-439,train,train
train_augmented_Tuberculosis-445_0_4101.jpeg,Tuberculosis-445,train,val
train_augmented_Tuberculosis-441_0_5406.jpeg,Tuberculosis-441,train,train
train_augmented_Tuberculosis-465_0_2171.jpeg,Tuberculosis-465,train,test
train_augmented_Tuberculosis-459_0_2554.jpeg,Tuberculosis-459,train,train
train_augmented_Tuberculosis-439_0_8031.jpeg,Tuberculosis-439,train,train
train_augmented_Tuberculosis-462_0_1049.jpeg,Tuberculosis-462,val,val
train_augmented_Tuberculosis-45_0_5339.jpeg,Tuberculosis-45,train,val
train_augmented_Tuberculosis-456_0_8221.jpeg,Tuberculosis-456,train,train
train_augmented_Tuberculosis-440_0_2785.jpeg,Tuberculosis-440,train,test
train_augmented_Tuberculosis-442_0_487.jpeg,Tuberculosis-442,train,train
train_augmented_Tuberculosis-455_0_8992.jpeg,Tuberculosis-455,train,train
train_augmented_Tuberculosis-451_0_1826.jpeg,Tuberculosis-451,train,train
train_augmented_Tuberculosis-443_0_2909.jpeg,Tuberculosis-443,train,train
train_augmented_Tuberculosis-464_0_2127.jpeg,Tuberculosis-464,val,train
train_augmented_Tuberculosis-452_0_9935.jpeg,Tuberculosis-452,train,train
train_augmented_Tuberculosis-464_0_5605.jpeg,Tuberculosis-464,train,train
train_augmented_Tuberculosis-453_0_7420.jpeg,Tuberculosis-453,train,test
train_augmented_Tuberculosis-447_0_6712.jpeg,Tuberculosis-447,train,val
train_augmented_Tuberculosis-441_0_8443.jpeg,Tuberculosis-441,train,train
train_augmented_Tuberculosis-440_0_3375.jpeg,Tuberculosis-440,test,test
train_augmented_Tuberculosis-460_0_5871.jpeg,Tuberculosis-460,train,train
train_augmented_Tuberculosis-43_0_4606.jpeg,Tuberculosis-43,train,test
train_augmented_Tuberculosis-462_0_7230.jpeg,Tuberculosis-462,train,val
train_augmented_Tuberculosis-446_0_2855.jpeg,Tuberculosis-446,test,train
train_augmented_Tuberculosis-464_0_759.jpeg,Tuberculosis-464,test,train
train_augmented_Tuberculosis-454_0_5589.jpeg,Tuberculosis-454,val,train
train_augmented_Tuberculosis-465_0_4678.jpeg,Tuberculosis-465,test,test
train_augmented_Tuberculosis-441_0_9056.jpeg,Tuberculosis-441,test,train
train_augmented_Tuberculosis-456_0_668.jpeg,Tuberculosis-456,train,train
train_augmented_Tuberculosis-454_0_7014.jpeg,Tuberculosis-454,test,train
train_augmented_Tuberculosis-477_0_5690.jpeg,Tuberculosis-477,train,val
train_augmented_Tuberculosis-481_0_5112.jpeg,Tuberculosis-481,test,train
train_augmented_Tuberculosis-475_0_3031.jpeg,Tuberculosis-475,train,test
train_augmented_Tuberculosis-468_0_9255.jpeg,Tuberculosis-468,train,train
train_augmented_Tuberculosis-473_0_4000.jpeg,Tuberculosis-473,test,test
train_augmented_Tuberculosis-490_0_3942.jpeg,Tuberculosis-490,val,test
train_augmented_Tuberculosis-482_0_4744.jpeg,Tuberculosis-482,train,train
train_augmented_Tuberculosis-499_0_9905.jpeg,Tuberculosis-499,train,test
train_augmented_Tuberculosis-490_0_328.jpeg,Tuberculosis-490,val,test
train_augmented_Tuberculosis-501_0_6256.jpeg,Tuberculosis-501,val,train
train_augmented_Tuberculosis-482_0_176.jpeg,Tuberculosis-482,test,train
train_augmented_Tuberculosis-46_0_9583.jpeg,Tuberculosis-46,train,test
train_augmented_Tuberculosis-496_0_9038.jpeg,Tuberculosis-496,test,val
train_augmented_Tuberculosis-468_0_6965.jpeg,Tuberculosis-468,train,train
train_augmented_Tuberculosis-47_0_3197.jpeg,Tuberculosis-47,train,train
train_augmented_Tuberculosis-491_0_7910.jpeg,Tuberculosis-491,train,train
train_augmented_Tuberculosis-48_0_5788.jpeg,Tuberculosis-48,test,train
train_augmented_Tuberculosis-492_0_9958.jpeg,Tuberculosis-492,train,train
train_augmented_Tuberculosis-480_0_9230.jpeg,Tuberculosis-480,train,val
train_augmented_Tuberculosis-471_0_3683.jpeg,Tuberculosis-471,val,val
train_augmented_Tuberculosis-48_0_5853.jpeg,Tuberculosis-48,train,train
train_augmented_Tuberculosis-4_0_1939.jpeg,Tuberculosis-4,train,train
train_augmented_Tuberculosis-469_0_9359.jpeg,Tuberculosis-469,train,test
train_augmented_Tuberculosis-467_0_9292.jpeg,Tuberculosis-467,train,train
train_augmented_Tuberculosis-470_0_1371.jpeg,Tuberculosis-470,train,test
train_augmented_Tuberculosis-477_0_9607.jpeg,Tuberculosis-477,train,val
train_augmented_Tuberculosis-478_0_8798.jpeg,Tuberculosis-478,train,train
train_augmented_Tuberculosis-471_0_8889.jpeg,Tuberculosis-471,train,val
train_augmented_Tuberculosis-497_0_9081.jpeg,Tuberculosis-497,train,test
train_augmented_Tuberculosis-479_0_3993.jpeg,Tuberculosis-479,val,train
train_augmented_Tuberculosis-49_0_4508.jpeg,Tuberculosis-49,test,test
test_augmented_Tuberculosis-693_0_868.jpeg,Tuberculosis-693,train,train
test_augmented_Tuberculosis-689_0_6111.jpeg,Tuberculosis-689,train,train
test_augmented_Tuberculosis-673_0_9693.jpeg,Tuberculosis-673,train,train
test_augmented_Tuberculosis-697_0_8462.jpeg,Tuberculosis-697,train,train
test_augmented_Tuberculosis-696_0_5225.jpeg,Tuberculosis-696,val,train
test_augmented_Tuberculosis-670_0_4681.jpeg,Tuberculosis-670,train,train
test_augmented_Tuberculosis-690_0_3426.jpeg,Tuberculosis-690,train,train
test_augmented_Tuberculosis-668_0_7410.jpeg,Tuberculosis-668,train,train
test_augmented_Tuberculosis-666_0_8961.jpeg,Tuberculosis-666,train,train
test_augmented_Tuberculosis-689_0_6448.jpeg,Tuberculosis-689,test,train
test_augmented_Tuberculosis-688_0_5602.jpeg,Tuberculosis-688,train,train
test_augmented_Tuberculosis-667_0_9062.jpeg,Tuberculosis-667,train,train
test_augmented_Tuberculosis-683_0_5705.jpeg,Tuberculosis-683,train,train
test_augmented_Tuberculosis-679_0_653.jpeg,Tuberculosis-679,test,train
test_augmented_Tuberculosis-697_0_4776.jpeg,Tuberculosis-697,train,train
test_augmented_Tuberculosis-667_0_2398.jpeg,Tuberculosis-667,train,train
test_augmented_Tuberculosis-689_0_8741.jpeg,Tuberculosis-689,train,train
test_augmented_Tuberculosis-697_0_7626.jpeg,Tuberculosis-697,train,train
test_augmented_Tuberculosis-683_0_1345.jpeg,Tuberculosis-683,train,train
test_augmented_Tuberculosis-677_0_9147.jpeg,Tuberculosis-677,val,train
test_augmented_Tuberculosis-668_0_9148.jpeg,Tuberculosis-668,train,train
test_augmented_Tuberculosis-691_0_7093.jpeg,Tuberculosis-691,test,train
test_augmented_Tuberculosis-676_0_4450.jpeg,Tuberculosis-676,val,train
test_augmented_Tuberculosis-687_0_4756.jpeg,Tuberculosis-687,val,train
test_augmented_Tuberculosis-683_0_2525.jpeg,Tuberculosis-683,train,train
test_augmented_Tuberculosis-700_0_5252.jpeg,Tuberculosis-700,train,train
test_augmented_Tuberculosis-691_0_1061.jpeg,Tuberculosis-691,train,train
test_augmented_Tuberculosis-670_0_136.jpeg,Tuberculosis-670,train,train
test_augmented_Tuberculosis-668_0_9741.jpeg,Tuberculosis-668,test,train
test_augmented_Tuberculosis-675_0_5211.jpeg,Tuberculosis-675,train,train
test_augmented_Tuberculosis-693_0_7457.jpeg,Tuberculosis-693,train,train
test_augmented_Tuberculosis-678_0_3702.jpeg,Tuberculosis-678,train,train
test_augmented_Tuberculosis-696_0_5598.jpeg,Tuberculosis-696,train,train
test_augmented_Tuberculosis-700_0_3491.jpeg,Tuberculosis-700,train,train
test_augmented_Tuberculosis-684_0_9083.jpeg,Tuberculosis-684,train,train
test_augmented_Tuberculosis-679_0_7713.jpeg,Tuberculosis-679,val,train
test_augmented_Tuberculosis-681_0_1689.jpeg,Tuberculosis-681,train,train
test_augmented_Tuberculosis-694_0_7876.jpeg,Tuberculosis-694,train,train
test_augmented_Tuberculosis-690_0_5120.jpeg,Tuberculosis-690,val,train
test_augmented_Tuberculosis-680_0_7286.jpeg,Tuberculosis-680,train,train
test_augmented_Tuberculosis-694_0_7098.jpeg,Tuberculosis-694,val,train
test_augmented_Tuberculosis-666_0_78.jpeg,Tuberculosis-666,test,train
test_augmented_Tuberculosis-666_0_9407.jpeg,Tuberculosis-666,train,train
test_augmented_Tuberculosis-693_0_2111.jpeg,Tuberculosis-693,train,train
test_augmented_Tuberculosis-671_0_9548.jpeg,Tuberculosis-671,test,train
test_augmented_Tuberculosis-696_0_1904.jpeg,Tuberculosis-696,train,train
test_augmented_Tuberculosis-688_0_8880.jpeg,Tuberculosis-688,train,train
test_augmented_Tuberculosis-673_0_9528.jpeg,Tuberculosis-673,train,train
test_augmented_Tuberculosis-681_0_631.jpeg,Tuberculosis-681,test,train
test_augmented_Tuberculosis-667_0_1248.jpeg,Tuberculosis-667,train,train
test_augmented_Tuberculosis-677_0_6000.jpeg,Tuberculosis-677,train,train
test_augmented_Tuberculosis-666_0_8217.jpeg,Tuberculosis-666,train,train
test_augmented_Tuberculosis-685_0_9801.jpeg,Tuberculosis-685,train,train
test_augmented_Tuberculosis-669_0_6945.jpeg,Tuberculosis-669,train,train
test_augmented_Tuberculosis-675_0_5588.jpeg,Tuberculosis-675,train,train
test_augmented_Tuberculosis-690_0_699.jpeg,Tuberculosis-690,train,train
test_augmented_Tuberculosis-681_0_6912.jpeg,Tuberculosis-681,train,train
test_augmented_Tuberculosis-684_0_1316.jpeg,Tuberculosis-684,train,train
test_augmented_Tuberculosis-700_0_1151.jpeg,Tuberculosis-700,test,train
test_augmented_Tuberculosis-695_0_407.jpeg,Tuberculosis-695,train,train
test_augmented_Tuberculosis-685_0_3326.jpeg,Tuberculosis-685,train,train
test_augmented_Tuberculosis-681_0_7459.jpeg,Tuberculosis-681,test,train
test_augmented_Tuberculosis-690_0_1368.jpeg,Tuberculosis-690,val,train
test_augmented_Tuberculosis-684_0_3754.jpeg,Tuberculosis-684,test,train
test_augmented_Tuberculosis-691_0_2692.jpeg,Tuberculosis-691,train,train
test_augmented_Tuberculosis-683_0_2056.jpeg,Tuberculosis-683,train,train
test_augmented_Tuberculosis-698_0_3898.jpeg,Tuberculosis-698,test,train
test_augmented_Tuberculosis-699_0_4876.jpeg,Tuberculosis-699,train,train
test_augmented_Tuberculosis-694_0_4196.jpeg,Tuberculosis-694,train,train
test_augmented_Tuberculosis-680_0_7494.jpeg,Tuberculosis-680,train,train
test_augmented_Tuberculosis-671_0_4225.jpeg,Tuberculosis-671,train,train
test_augmented_Tuberculosis-682_0_2276.jpeg,Tuberculosis-682,train,train
test_augmented_Tuberculosis-687_0_2799.jpeg,Tuberculosis-687,test,train
test_augmented_Tuberculosis-688_0_3223.jpeg,Tuberculosis-688,train,train
test_augmented_Tuberculosis-694_0_2173.jpeg,Tuberculosis-694,train,train
test_augmented_Tuberculosis-693_0_4918.jpeg,Tuberculosis-693,train,train
test_augmented_Tuberculosis-685_0_4533.jpeg,Tuberculosis-685,train,train
test_augmented_Tuberculosis-682_0_9300.jpeg,Tuberculosis-682,train,train
test_augmented_Tuberculosis-699_0_9741.jpeg,Tuberculosis-699,train,train
test_augmented_Tuberculosis-671_0_5542.jpeg,Tuberculosis-671,train,train
test_augmented_Tuberculosis-694_0_5202.jpeg,Tuberculosis-694,train,train
test_augmented_Tuberculosis-686_0_6761.jpeg,Tuberculosis-686,train,train
test_augmented_Tuberculosis-693_0_3050.jpeg,Tuberculosis-693,test,train
test_augmented_Tuberculosis-670_0_7026.jpeg,Tuberculosis-670,train,train
test_augmented_Tuberculosis-700_0_3016.jpeg,Tuberculosis-700,test,train
test_augmented_Tuberculosis-698_0_9790.jpeg,Tuberculosis-698,train,train
test_augmented_Tuberculosis-677_0_1060.jpeg,Tuberculosis-677,val,train
test_augmented_Tuberculosis-673_0_6121.jpeg,Tuberculosis-673,train,train
test_augmented_Tuberculosis-691_0_5546.jpeg,Tuberculosis-691,train,train
test_augmented_Tuberculosis-699_0_9277.jpeg,Tuberculosis-699,val,train
test_augmented_Tuberculosis-697_0_5013.jpeg,Tuberculosis-697,train,train
test_augmented_Tuberculosis-675_0_7332.jpeg,Tuberculosis-675,train,train
test_augmented_Tuberculosis-669_0_6869.jpeg,Tuberculosis-669,train,train
test_augmented_Tuberculosis-697_0_2992.jpeg,Tuberculosis-697,train,train
test_augmented_Tuberculosis-672_0_1705.jpeg,Tuberculosis-672,train,train
test_augmented_Tuberculosis-693_0_1160.jpeg,Tuberculosis-693,train,train
test_augmented_Tuberculosis-696_0_1322.jpeg,Tuberculosis-696,test,train
test_augmented_Tuberculosis-680_0_5333.jpeg,Tuberculosis-680,test,train
test_augmented_Tuberculosis-671_0_5156.jpeg,Tuberculosis-671,train,train
test_augmented_Tuberculosis-700_0_2942.jpeg,Tuberculosis-700,train,train
test_augmented_Tuberculosis-696_0_4884.jpeg,Tuberculosis-696,train,train
test_augmented_Tuberculosis-676_0_9825.jpeg,Tuberculosis-676,val,train
train_Tuberculosis-129.png,Tuberculosis-129,train,train
train_Tuberculosis-142.png,Tuberculosis-142,test,test
train_Tuberculosis-140.png,Tuberculosis-140,train,test
train_Tuberculosis-149.png,Tuberculosis-149,test,train
train_Tuberculosis-170.png,Tuberculosis-170,val,train
train_Tuberculosis-109.png,Tuberculosis-109,train,train
train_Tuberculosis-160.png,Tuberculosis-160,train,train
train_Tuberculosis-151.png,Tuberculosis-151,train,test
train_Tuberculosis-169.png,Tuberculosis-169,val,train
train_Tuberculosis-135.png,Tuberculosis-135,train,train
train_Tuberculosis-132.png,Tuberculosis-132,train,test
train_Tuberculosis-108.png,Tuberculosis-108,train,train
train_Tuberculosis-167.png,Tuberculosis-167,train,train
train_Tuberculosis-141.png,Tuberculosis-141,train,val
train_Tuberculosis-136.png,Tuberculosis-136,test,train
train_Tuberculosis-105.png,Tuberculosis-105,val,train
train_Tuberculosis-121.png,Tuberculosis-121,train,train
train_Tuberculosis-126.png,Tuberculosis-126,train,train
train_Tuberculosis-116.png,Tuberculosis-116,train,test
train_Tuberculosis-145.png,Tuberculosis-145,train,train
train_Tuberculosis-100.png,Tuberculosis-100,train,train
train_Tuberculosis-148.png,Tuberculosis-148,val,train
train_Tuberculosis-10.png,Tuberculosis-10,train,test
train_Tuberculosis-128.png,Tuberculosis-128,train,test
train_Tuberculosis-154.png,Tuberculosis-154,train,train
train_Tuberculosis-14.png,Tuberculosis-14,train,train
train_Tuberculosis-17.png,Tuberculosis-17,train,train
train_Tuberculosis-161.png,Tuberculosis-161,test,train
train_Tuberculosis-168.png,Tuberculosis-168,train,train
train_Tuberculosis-137.png,Tuberculosis-137,train,train
train_Tuberculosis-150.png,Tuberculosis-150,train,train
train_Tuberculosis-104.png,Tuberculosis-104,test,train
train_Tuberculosis-112.png,Tuberculosis-112,train,train
train_Tuberculosis-119.png,Tuberculosis-119,train,train
train_Tuberculosis-124.png,Tuberculosis-124,train,train
train_Tuberculosis-163.png,Tuberculosis-163,train,train
train_Tuberculosis-172.png,Tuberculosis-172,train,train
train_Tuberculosis-155.png,Tuberculosis-155,train,val
train_Tuberculosis-115.png,Tuberculosis-115,test,train
train_Tuberculosis-127.png,Tuberculosis-127,train,train
train_Tuberculosis-133.png,Tuberculosis-133,train,test
train_Tuberculosis-157.png,Tuberculosis-157,train,train
train_Tuberculosis-106.png,Tuberculosis-106,train,val
train_Tuberculosis-117.png,Tuberculosis-117,train,test
train_Tuberculosis-165.png,Tuberculosis-165,val,train
train_Tuberculosis-143.png,Tuberculosis-143,test,train
train_Tuberculosis-13.png,Tuberculosis-13,train,train
train_Tuberculosis-16.png,Tuberculosis-16,val,test
train_Tuberculosis-146.png,Tuberculosis-146,train,test
train_Tuberculosis-171.png,Tuberculosis-171,train,val
train_Tuberculosis-122.png,Tuberculosis-122,val,test
train_Tuberculosis-114.png,Tuberculosis-114,train,test
train_Tuberculosis-162.png,Tuberculosis-162,test,train
train_Tuberculosis-138.png,Tuberculosis-138,train,train
train_Tuberculosis-120.png,Tuberculosis-120,train,train
train_Tuberculosis-152.png,Tuberculosis-152,train,train
train_Tuberculosis-101.png,Tuberculosis-101,train,test
train_Tuberculosis-12.png,Tuberculosis-12,train,train
train_Tuberculosis-144.png,Tuberculosis-144,train,train
train_Tuberculosis-147.png,Tuberculosis-147,val,test
train_Tuberculosis-131.png,Tuberculosis-131,train,test
train_Tuberculosis-153.png,Tuberculosis-153,test,train
train_Tuberculosis-111.png,Tuberculosis-111,train,val
train_Tuberculosis-103.png,Tuberculosis-103,train,train
train_Tuberculosis-110.png,Tuberculosis-110,val,val
train_Tuberculosis-15.png,Tuberculosis-15,test,train
train_Tuberculosis-166.png,Tuberculosis-166,train,train
train_Tuberculosis-123.png,Tuberculosis-123,train,test
train_Tuberculosis-130.png,Tuberculosis-130,train,test
train_Tuberculosis-107.png,Tuberculosis-107,train,train
train_Tuberculosis-164.png,Tuberculosis-164,test,train
train_Tuberculosis-102.png,Tuberculosis-102,train,val
train_Tuberculosis-125.png,Tuberculosis-125,train,train
train_Tuberculosis-156.png,Tuberculosis-156,train,train
train_Tuberculosis-158.png,Tuberculosis-158,train,train
train_Tuberculosis-11.png,Tuberculosis-11,train,train
train_Tuberculosis-139.png,Tuberculosis-139,test,train
train_Tuberculosis-118.png,Tuberculosis-118,train,train
train_Tuberculosis-134.png,Tuberculosis-134,train,train
train_Tuberculosis-159.png,Tuberculosis-159,train,train
train_Tuberculosis-113.png,Tuberculosis-113,train,train
train_Tuberculosis-261.png,Tuberculosis-261,test,test
train_Tuberculosis-267.png,Tuberculosis-267,val,train
train_Tuberculosis-293.png,Tuberculosis-293,val,train
train_Tuberculosis-284.png,Tuberculosis-284,train,test
train_Tuberculosis-28.png,Tuberculosis-28,train,train
train_Tuberculosis-262.png,Tuberculosis-262,train,train
train_Tuberculosis-212.png,Tuberculosis-212,train,train
train_Tuberculosis-206.png,Tuberculosis-206,test,train
train_Tuberculosis-282.png,Tuberculosis-282,test,train
train_Tuberculosis-353.png,Tuberculosis-353,train,test
train_Tuberculosis-18.png,Tuberculosis-18,train,train
train_Tuberculosis-239.png,Tuberculosis-239,train,train
train_Tuberculosis-215.png,Tuberculosis-215,train,train
train_Tuberculosis-296.png,Tuberculosis-296,train,train
train_Tuberculosis-208.png,Tuberculosis-208,test,val
train_Tuberculosis-333.png,Tuberculosis-333,train,train
train_Tuberculosis-332.png,Tuberculosis-332,test,train
train_Tuberculosis-242.png,Tuberculosis-242,train,train
train_Tuberculosis-359.png,Tuberculosis-359,train,val
train_Tuberculosis-177.png,Tuberculosis-177,test,train
train_Tuberculosis-243.png,Tuberculosis-243,test,train
train_Tuberculosis-33.png,Tuberculosis-33,test,train
train_Tuberculosis-219.png,Tuberculosis-219,train,train
train_Tuberculosis-193.png,Tuberculosis-193,test,train
train_Tuberculosis-26.png,Tuberculosis-26,train,train
train_Tuberculosis-250.png,Tuberculosis-250,test,test
train_Tuberculosis-235.png,Tuberculosis-235,train,train
train_Tuberculosis-272.png,Tuberculosis-272,val,train
train_Tuberculosis-316.png,Tuberculosis-316,val,train
train_Tuberculosis-27.png,Tuberculosis-27,train,test
train_Tuberculosis-350.png,Tuberculosis-350,train,train
train_Tuberculosis-345.png,Tuberculosis-345,train,test
train_Tuberculosis-37.png,Tuberculosis-37,train,train
train_Tuberculosis-360.png,Tuberculosis-360,train,train
train_Tuberculosis-370.png,Tuberculosis-370,train,train
train_Tuberculosis-31.png,Tuberculosis-31,train,train
train_Tuberculosis-318.png,Tuberculosis-318,val,test
train_Tuberculosis-355.png,Tuberculosis-355,val,train
train_Tuberculosis-189.png,Tuberculosis-189,train,train
train_Tuberculosis-275.png,Tuberculosis-275,test,test
train_Tuberculosis-311.png,Tuberculosis-311,train,train
train_Tuberculosis-201.png,Tuberculosis-201,train,train
train_Tuberculosis-181.png,Tuberculosis-181,train,test
train_Tuberculosis-229.png,Tuberculosis-229,train,test
train_Tuberculosis-237.png,Tuberculosis-237,test,train
train_Tuberculosis-278.png,Tuberculosis-278,test,val
train_Tuberculosis-263.png,Tuberculosis-263,train,train
train_Tuberculosis-174.png,Tuberculosis-174,test,train
train_Tuberculosis-260.png,Tuberculosis-260,train,test
train_Tuberculosis-223.png,Tuberculosis-223,train,train
train_Tuberculosis-222.png,Tuberculosis-222,val,train
train_Tuberculosis-362.png,Tuberculosis-362,train,train
train_Tuberculosis-352.png,Tuberculosis-352,train,train
train_Tuberculosis-207.png,Tuberculosis-207,test,train
train_Tuberculosis-22.png,Tuberculosis-22,train,val
train_Tuberculosis-187.png,Tuberculosis-187,train,train
train_Tuberculosis-183.png,Tuberculosis-183,train,train
train_Tuberculosis-351.png,Tuberculosis-351,train,train
train_Tuberculosis-225.png,Tuberculosis-225,train,train
train_Tuberculosis-322.png,Tuberculosis-322,train,train
train_Tuberculosis-230.png,Tuberculosis-230,train,val
train_Tuberculosis-321.png,Tuberculosis-321,train,train
train_Tuberculosis-265.png,Tuberculosis-265,train,train
train_Tuberculosis-313.png,Tuberculosis-313,train,train
train_Tuberculosis-327.png,Tuberculosis-327,train,test
train_Tuberculosis-317.png,Tuberculosis-317,train,test
train_Tuberculosis-306.png,Tuberculosis-306,train,val
train_Tuberculosis-192.png,Tuberculosis-192,train,test
train_Tuberculosis-343.png,Tuberculosis-343,test,train
train_Tuberculosis-323.png,Tuberculosis-323,train,train
train_Tuberculosis-179.png,Tuberculosis-179,train,test
train_Tuberculosis-324.png,Tuberculosis-324,train,train
train_Tuberculosis-349.png,Tuberculosis-349,train,train
train_Tuberculosis-247.png,Tuberculosis-247,train,train
train_Tuberculosis-304.png,Tuberculosis-304,test,test
train_Tuberculosis-195.png,Tuberculosis-195,val,val
train_Tuberculosis-224.png,Tuberculosis-224,train,val
train_Tuberculosis-205.png,Tuberculosis-205,val,train
train_Tuberculosis-23.png,Tuberculosis-23,test,train
train_Tuberculosis-257.png,Tuberculosis-257,val,test
train_Tuberculosis-191.png,Tuberculosis-191,test,val
train_Tuberculosis-240.png,Tuberculosis-240,train,train
train_Tuberculosis-178.png,Tuberculosis-178,train,test
train_Tuberculosis-354.png,Tuberculosis-354,train,train
train_Tuberculosis-341.png,Tuberculosis-341,val,train
train_Tuberculosis-295.png,Tuberculosis-295,train,train
train_Tuberculosis-344.png,Tuberculosis-344,train,train
train_Tuberculosis-334.png,Tuberculosis-334,train,train
train_Tuberculosis-220.png,Tuberculosis-220,train,train
train_Tuberculosis-228.png,Tuberculosis-228,train,val
train_Tuberculosis-20.png,Tuberculosis-20,val,val
train_Tuberculosis-184.png,Tuberculosis-184,train,train
train_Tuberculosis-264.png,Tuberculosis-264,train,val
train_Tuberculosis-210.png,Tuberculosis-210,train,test
train_Tuberculosis-292.png,Tuberculosis-292,test,test
train_Tuberculosis-328.png,Tuberculosis-328,train,train
train_Tuberculosis-190.png,Tuberculosis-190,train,train
train_Tuberculosis-374.png,Tuberculosis-374,test,test
train_Tuberculosis-300.png,Tuberculosis-300,train,test
train_Tuberculosis-197.png,Tuberculosis-197,train,train
train_Tuberculosis-348.png,Tuberculosis-348,test,val
train_Tuberculosis-307.png,Tuberculosis-307,train,train
train_Tuberculosis-209.png,Tuberculosis-209,train,train
train_Tuberculosis-253.png,Tuberculosis-253,train,test
train_Tuberculosis-373.png,Tuberculosis-373,train,train
train_Tuberculosis-266.png,Tuberculosis-266,train,train
train_Tuberculosis-356.png,Tuberculosis-356,test,train
train_Tuberculosis-342.png,Tuberculosis-342,train,test
train_Tuberculosis-194.png,Tuberculosis-194,train,test
train_Tuberculosis-283.png,Tuberculosis-283,test,train
train_Tuberculosis-216.png,Tuberculosis-216,train,test
train_Tuberculosis-289.png,Tuberculosis-289,test,train
train_Tuberculosis-336.png,Tuberculosis-336,test,test
train_Tuberculosis-312.png,Tuberculosis-312,test,test
train_Tuberculosis-211.png,Tuberculosis-211,train,train
train_Tuberculosis-199.png,Tuberculosis-199,train,train
train_Tuberculosis-330.png,Tuberculosis-330,train,train
train_Tuberculosis-326.png,Tuberculosis-326,test,test
train_Tuberculosis-364.png,Tuberculosis-364,train,train
train_Tuberculosis-298.png,Tuberculosis-298,test,train
train_Tuberculosis-252.png,Tuberculosis-252,train,val
train_Tuberculosis-32.png,Tuberculosis-32,train,test
train_Tuberculosis-245.png,Tuberculosis-245,train,test
train_Tuberculosis-281.png,Tuberculosis-281,train,test
train_Tuberculosis-227.png,Tuberculosis-227,train,test
train_Tuberculosis-308.png,Tuberculosis-308,val,test
train_Tuberculosis-256.png,Tuberculosis-256,test,train
train_Tuberculosis-294.png,Tuberculosis-294,test,val
train_Tuberculosis-238.png,Tuberculosis-238,train,test
train_Tuberculosis-25.png,Tuberculosis-25,train,train
train_Tuberculosis-357.png,Tuberculosis-357,train,train
train_Tuberculosis-270.png,Tuberculosis-270,test,test
train_Tuberculosis-297.png,Tuberculosis-297,train,val
train_Tuberculosis-35.png,Tuberculosis-35,train,test
train_Tuberculosis-213.png,Tuberculosis-213,train,train
train_Tuberculosis-337.png,Tuberculosis-337,train,train
train_Tuberculosis-258.png,Tuberculosis-258,train,train
train_Tuberculosis-176.png,Tuberculosis-176,val,val
train_Tuberculosis-248.png,Tuberculosis-248,train,train
train_Tuberculosis-188.png,Tuberculosis-188,train,train
train_Tuberculosis-21.png,Tuberculosis-21,train,val
train_Tuberculosis-303.png,Tuberculosis-303,train,train
train_Tuberculosis-329.png,Tuberculosis-329,val,train
train_Tuberculosis-271.png,Tuberculosis-271,train,test
train_Tuberculosis-369.png,Tuberculosis-369,train,train
train_Tuberculosis-363.png,Tuberculosis-363,train,val
train_Tuberculosis-314.png,Tuberculosis-314,train,test
train_Tuberculosis-186.png,Tuberculosis-186,train,train
train_Tuberculosis-279.png,Tuberculosis-279,train,train
train_Tuberculosis-19.png,Tuberculosis-19,train,train
train_Tuberculosis-203.png,Tuberculosis-203,train,train
train_Tuberculosis-347.png,Tuberculosis-347,train,train
train_Tuberculosis-367.png,Tuberculosis-367,train,test
train_Tuberculosis-217.png,Tuberculosis-217,train,train
train_Tuberculosis-338.png,Tuberculosis-338,train,train
train_Tuberculosis-182.png,Tuberculosis-182,test,train
train_Tuberculosis-277.png,Tuberculosis-277,train,test
train_Tuberculosis-202.png,Tuberculosis-202,train,test
train_Tuberculosis-366.png,Tuberculosis-366,train,train
train_Tuberculosis-371.png,Tuberculosis-371,train,train
train_Tuberculosis-276.png,Tuberculosis-276,train,train
train_Tuberculosis-29.png,Tuberculosis-29,train,train
train_Tuberculosis-288.png,Tuberculosis-288,train,train
train_Tuberculosis-214.png,Tuberculosis-214,train,train
train_Tuberculosis-287.png,Tuberculosis-287,test,train
train_Tuberculosis-234.png,Tuberculosis-234,train,val
train_Tuberculosis-233.png,Tuberculosis-233,test,train
train_Tuberculosis-280.png,Tuberculosis-280,test,val
train_Tuberculosis-232.png,Tuberculosis-232,test,train
train_Tuberculosis-218.png,Tuberculosis-218,test,train
train_Tuberculosis-30.png,Tuberculosis-30,train,train
train_Tuberculosis-254.png,Tuberculosis-254,test,train
train_Tuberculosis-301.png,Tuberculosis-301,test,train
train_Tuberculosis-185.png,Tuberculosis-185,train,val
train_Tuberculosis-175.png,Tuberculosis-175,test,train
train_Tuberculosis-365.png,Tuberculosis-365,test,val
train_Tuberculosis-339.png,Tuberculosis-339,train,test
train_Tuberculosis-259.png,Tuberculosis-259,val,train
train_Tuberculosis-273.png,Tuberculosis-273,train,test
train_Tuberculosis-24.png,Tuberculosis-24,train,test
train_Tuberculosis-36.png,Tuberculosis-36,train,train
train_Tuberculosis-325.png,Tuberculosis-325,train,test
train_Tuberculosis-320.png,Tuberculosis-320,test,val
train_Tuberculosis-331.png,Tuberculosis-331,val,val
train_Tuberculosis-268.png,Tuberculosis-268,train,train
train_Tuberculosis-204.png,Tuberculosis-204,train,test
train_Tuberculosis-372.png,Tuberculosis-372,val,train
train_Tuberculosis-34.png,Tuberculosis-34,train,val
train_Tuberculosis-305.png,Tuberculosis-305,train,train
train_Tuberculosis-221.png,Tuberculosis-221,train,train
train_Tuberculosis-286.png,Tuberculosis-286,train,test
train_Tuberculosis-361.png,Tuberculosis-361,train,train
train_Tuberculosis-196.png,Tuberculosis-196,train,train
train_Tuberculosis-285.png,Tuberculosis-285,train,test
train_Tuberculosis-173.png,Tuberculosis-173,val,train
train_Tuberculosis-299.png,Tuberculosis-299,train,train
train_Tuberculosis-246.png,Tuberculosis-246,train,train
train_Tuberculosis-251.png,Tuberculosis-251,test,train
train_Tuberculosis-315.png,Tuberculosis-315,test,train
train_Tuberculosis-340.png,Tuberculosis-340,train,test
train_Tuberculosis-269.png,Tuberculosis-269,test,train
train_Tuberculosis-335.png,Tuberculosis-335,test,train
train_Tuberculosis-291.png,Tuberculosis-291,test,train
train_Tuberculosis-319.png,Tuberculosis-319,train,train
train_Tuberculosis-226.png,Tuberculosis-226,train,train
train_Tuberculosis-290.png,Tuberculosis-290,train,train
train_Tuberculosis-302.png,Tuberculosis-302,train,test
train_Tuberculosis-309.png,Tuberculosis-309,val,test
train_Tuberculosis-358.png,Tuberculosis-358,val,test
train_Tuberculosis-200.png,Tuberculosis-200,train,train
train_Tuberculosis-198.png,Tuberculosis-198,test,train
train_Tuberculosis-236.png,Tuberculosis-236,train,train
train_Tuberculosis-368.png,Tuberculosis-368,train,train
train_Tuberculosis-255.png,Tuberculosis-255,train,train
train_Tuberculosis-180.png,Tuberculosis-180,val,train
train_Tuberculosis-241.png,Tuberculosis-241,test,train
train_Tuberculosis-274.png,Tuberculosis-274,val,test
train_Tuberculosis-249.png,Tuberculosis-249,train,train
train_Tuberculosis-310.png,Tuberculosis-310,test,train
train_Tuberculosis-231.png,Tuberculosis-231,test,val
train_Tuberculosis-399.png,Tuberculosis-399,train,train
train_Tuberculosis-397.png,Tuberculosis-397,train,val
train_Tuberculosis-569.png,Tuberculosis-569,train,train
train_Tuberculosis-485.png,Tuberculosis-485,train,test
train_Tuberculosis-502.png,Tuberculosis-502,test,train
train_Tuberculosis-432.png,Tuberculosis-432,train,train
train_Tuberculosis-480.png,Tuberculosis-480,train,val
train_Tuberculosis-412.png,Tuberculosis-412,test,train
train_Tuberculosis-401.png,Tuberculosis-401,train,train
train_Tuberculosis-451.png,Tuberculosis-451,train,train
train_Tuberculosis-508.png,Tuberculosis-508,train,train
train_Tuberculosis-420.png,Tuberculosis-420,train,train
train_Tuberculosis-516.png,Tuberculosis-516,train,val
train_Tuberculosis-47.png,Tuberculosis-47,test,train
train_Tuberculosis-424.png,Tuberculosis-424,train,train
train_Tuberculosis-395.png,Tuberculosis-395,test,train
train_Tuberculosis-563.png,Tuberculosis-563,train,train
train_Tuberculosis-526.png,Tuberculosis-526,test,train
train_Tuberculosis-551.png,Tuberculosis-551,train,train
train_Tuberculosis-548.png,Tuberculosis-548,train,test
train_Tuberculosis-556.png,Tuberculosis-556,train,train
train_Tuberculosis-547.png,Tuberculosis-547,val,test
train_Tuberculosis-490.png,Tuberculosis-490,test,test
train_Tuberculosis-452.png,Tuberculosis-452,train,train
train_Tuberculosis-566.png,Tuberculosis-566,train,train
train_Tuberculosis-497.png,Tuberculosis-497,train,test
train_Tuberculosis-550.png,Tuberculosis-550,val,train
train_Tuberculosis-570.png,Tuberculosis-570,train,train
train_Tuberculosis-381.png,Tuberculosis-381,train,val
train_Tuberculosis-488.png,Tuberculosis-488,test,train
train_Tuberculosis-540.png,Tuberculosis-540,train,val
train_Tuberculosis-392.png,Tuberculosis-392,val,test
train_Tuberculosis-385.png,Tuberculosis-385,val,val
train_Tuberculosis-463.png,Tuberculosis-463,train,train
train_Tuberculosis-499.png,Tuberculosis-499,train,test
train_Tuberculosis-377.png,Tuberculosis-377,train,val
train_Tuberculosis-38.png,Tuberculosis-38,train,train
train_Tuberculosis-511.png,Tuberculosis-511,train,train
train_Tuberculosis-531.png,Tuberculosis-531,test,test
train_Tuberculosis-552.png,Tuberculosis-552,train,test
train_Tuberculosis-457.png,Tuberculosis-457,train,val
train_Tuberculosis-477.png,Tuberculosis-477,train,val
train_Tuberculosis-482.png,Tuberculosis-482,train,train
train_Tuberculosis-489.png,Tuberculosis-489,train,train
train_Tuberculosis-564.png,Tuberculosis-564,train,train
train_Tuberculosis-409.png,Tuberculosis-409,train,train
train_Tuberculosis-407.png,Tuberculosis-407,train,train
train_Tuberculosis-388.png,Tuberculosis-388,test,train
train_Tuberculosis-509.png,Tuberculosis-509,train,val
train_Tuberculosis-479.png,Tuberculosis-479,val,train
train_Tuberculosis-382.png,Tuberculosis-382,train,train
train_Tuberculosis-528.png,Tuberculosis-528,test,val
train_Tuberculosis-403.png,Tuberculosis-403,train,train
train_Tuberculosis-515.png,Tuberculosis-515,train,test
train_Tuberculosis-421.png,Tuberculosis-421,train,train
train_Tuberculosis-51.png,Tuberculosis-51,train,train
train_Tuberculosis-423.png,Tuberculosis-423,train,train
train_Tuberculosis-465.png,Tuberculosis-465,train,test
train_Tuberculosis-521.png,Tuberculosis-521,train,val
train_Tuberculosis-565.png,Tuberculosis-565,val,train
train_Tuberculosis-545.png,Tuberculosis-545,train,train
train_Tuberculosis-469.png,Tuberculosis-469,train,test
train_Tuberculosis-439.png,Tuberculosis-439,train,train
train_Tuberculosis-390.png,Tuberculosis-390,train,train
train_Tuberculosis-440.png,Tuberculosis-440,train,test
train_Tuberculosis-543.png,Tuberculosis-543,train,train
train_Tuberculosis-48.png,Tuberculosis-48,train,train
train_Tuberculosis-426.png,Tuberculosis-426,test,train
train_Tuberculosis-495.png,Tuberculosis-495,test,train
train_Tuberculosis-375.png,Tuberculosis-375,train,train
train_Tuberculosis-466.png,Tuberculosis-466,test,train
train_Tuberculosis-504.png,Tuberculosis-504,test,test
train_Tuberculosis-434.png,Tuberculosis-434,train,val
train_Tuberculosis-538.png,Tuberculosis-538,train,train
train_Tuberculosis-472.png,Tuberculosis-472,train,train
train_Tuberculosis-419.png,Tuberculosis-419,train,test
train_Tuberculosis-554.png,Tuberculosis-554,train,train
train_Tuberculosis-433.png,Tuberculosis-433,train,val
train_Tuberculosis-535.png,Tuberculosis-535,val,test
train_Tuberculosis-456.png,Tuberculosis-456,train,train
train_Tuberculosis-435.png,Tuberculosis-435,val,val
train_Tuberculosis-43.png,Tuberculosis-43,train,test
train_Tuberculosis-55.png,Tuberculosis-55,train,train
train_Tuberculosis-454.png,Tuberculosis-454,train,train
train_Tuberculosis-380.png,Tuberculosis-380,test,test
train_Tuberculosis-567.png,Tuberculosis-567,train,test
train_Tuberculosis-378.png,Tuberculosis-378,test,train
train_Tuberculosis-471.png,Tuberculosis-471,train,val
train_Tuberculosis-512.png,Tuberculosis-512,val,test
train_Tuberculosis-41.png,Tuberculosis-41,train,test
train_Tuberculosis-475.png,Tuberculosis-475,train,test
train_Tuberculosis-391.png,Tuberculosis-391,val,test
train_Tuberculosis-549.png,Tuberculosis-549,train,train
train_Tuberculosis-394.png,Tuberculosis-394,test,train
train_Tuberculosis-555.png,Tuberculosis-555,train,train
train_Tuberculosis-557.png,Tuberculosis-557,train,val
train_Tuberculosis-514.png,Tuberculosis-514,train,train
train_Tuberculosis-530.png,Tuberculosis-530,train,train
train_Tuberculosis-559.png,Tuberculosis-559,train,val
train_Tuberculosis-476.png,Tuberculosis-476,test,test
train_Tuberculosis-406.png,Tuberculosis-406,train,train
train_Tuberculosis-445.png,Tuberculosis-445,train,val
train_Tuberculosis-411.png,Tuberculosis-411,test,test
train_Tuberculosis-405.png,Tuberculosis-405,train,train
train_Tuberculosis-560.png,Tuberculosis-560,train,test
train_Tuberculosis-429.png,Tuberculosis-429,train,val
train_Tuberculosis-379.png,Tuberculosis-379,train,train
train_Tuberculosis-505.png,Tuberculosis-505,train,train
train_Tuberculosis-441.png,Tuberculosis-441,train,train
train_Tuberculosis-393.png,Tuberculosis-393,train,train
train_Tuberculosis-431.png,Tuberculosis-431,val,train
train_Tuberculosis-494.png,Tuberculosis-494,train,train
train_Tuberculosis-383.png,Tuberculosis-383,test,test
train_Tuberculosis-562.png,Tuberculosis-562,train,train
train_Tuberculosis-449.png,Tuberculosis-449,val,train
train_Tuberculosis-444.png,Tuberculosis-444,train,train
train_Tuberculosis-50.png,Tuberculosis-50,train,test
train_Tuberculosis-57.png,Tuberculosis-57,train,train
train_Tuberculosis-446.png,Tuberculosis-446,val,train
train_Tuberculosis-474.png,Tuberculosis-474,val,test
train_Tuberculosis-534.png,Tuberculosis-534,train,train
train_Tuberculosis-464.png,Tuberculosis-464,train,train
train_Tuberculosis-539.png,Tuberculosis-539,train,val
train_Tuberculosis-470.png,Tuberculosis-470,train,test
train_Tuberculosis-462.png,Tuberculosis-462,train,val
train_Tuberculosis-513.png,Tuberculosis-513,test,test
train_Tuberculosis-529.png,Tuberculosis-529,train,test
train_Tuberculosis-483.png,Tuberculosis-483,test,test
train_Tuberculosis-558.png,Tuberculosis-558,train,train
train_Tuberculosis-404.png,Tuberculosis-404,train,train
train_Tuberculosis-522.png,Tuberculosis-522,test,train
train_Tuberculosis-553.png,Tuberculosis-553,test,val
train_Tuberculosis-443.png,Tuberculosis-443,train,train
train_Tuberculosis-52.png,Tuberculosis-52,train,train
train_Tuberculosis-525.png,Tuberculosis-525,train,train
train_Tuberculosis-410.png,Tuberculosis-410,train,train
train_Tuberculosis-53.png,Tuberculosis-53,train,train
train_Tuberculosis-422.png,Tuberculosis-422,val,val
train_Tuberculosis-427.png,Tuberculosis-427,train,test
train_Tuberculosis-418.png,Tuberculosis-418,train,train
train_Tuberculosis-400.png,Tuberculosis-400,train,train
train_Tuberculosis-39.png,Tuberculosis-39,test,test
train_Tuberculosis-387.png,Tuberculosis-387,train,test
train_Tuberculosis-503.png,Tuberculosis-503,train,train
train_Tuberculosis-518.png,Tuberculosis-518,train,train
train_Tuberculosis-541.png,Tuberculosis-541,train,test
train_Tuberculosis-408.png,Tuberculosis-408,test,train
train_Tuberculosis-492.png,Tuberculosis-492,test,train
train_Tuberculosis-438.png,Tuberculosis-438,train,train
train_Tuberculosis-544.png,Tuberculosis-544,train,test
train_Tuberculosis-478.png,Tuberculosis-478,test,train
train_Tuberculosis-542.png,Tuberculosis-542,train,val
train_Tuberculosis-5.png,Tuberculosis-5,train,train
train_Tuberculosis-453.png,Tuberculosis-453,train,test
train_Tuberculosis-56.png,Tuberculosis-56,train,train
train_Tuberculosis-501.png,Tuberculosis-501,train,train
train_Tuberculosis-461.png,Tuberculosis-461,train,val
train_Tuberculosis-415.png,Tuberculosis-415,train,test
train_Tuberculosis-536.png,Tuberculosis-536,train,train
train_Tuberculosis-389.png,Tuberculosis-389,test,train
train_Tuberculosis-459.png,Tuberculosis-459,train,train
train_Tuberculosis-414.png,Tuberculosis-414,test,test
train_Tuberculosis-45.png,Tuberculosis-45,train,val
train_Tuberculosis-416.png,Tuberculosis-416,train,train
train_Tuberculosis-527.png,Tuberculosis-527,val,train
train_Tuberculosis-442.png,Tuberculosis-442,val,train
train_Tuberculosis-460.png,Tuberculosis-460,test,train
train_Tuberculosis-493.png,Tuberculosis-493,test,train
train_Tuberculosis-546.png,Tuberculosis-546,train,train
train_Tuberculosis-54.png,Tuberculosis-54,test,test
train_Tuberculosis-413.png,Tuberculosis-413,train,test
train_Tuberculosis-568.png,Tuberculosis-568,train,test
train_Tuberculosis-428.png,Tuberculosis-428,train,test
train_Tuberculosis-40.png,Tuberculosis-40,val,train
train_Tuberculosis-473.png,Tuberculosis-473,test,test
train_Tuberculosis-448.png,Tuberculosis-448,train,val
train_Tuberculosis-450.png,Tuberculosis-450,val,train
train_Tuberculosis-42.png,Tuberculosis-42,train,train
train_Tuberculosis-468.png,Tuberculosis-468,train,train
train_Tuberculosis-455.png,Tuberculosis-455,train,train
train_Tuberculosis-496.png,Tuberculosis-496,train,val
train_Tuberculosis-533.png,Tuberculosis-533,train,train
train_Tuberculosis-487.png,Tuberculosis-487,test,train
train_Tuberculosis-447.png,Tuberculosis-447,train,val
train_Tuberculosis-44.png,Tuberculosis-44,val,train
train_Tuberculosis-500.png,Tuberculosis-500,val,train
train_Tuberculosis-4.png,Tuberculosis-4,train,train
train_Tuberculosis-486.png,Tuberculosis-486,train,test
train_Tuberculosis-384.png,Tuberculosis-384,train,train
train_Tuberculosis-376.png,Tuberculosis-376,train,train
train_Tuberculosis-437.png,Tuberculosis-437,train,train
train_Tuberculosis-49.png,Tuberculosis-49,train,test
train_Tuberculosis-524.png,Tuberculosis-524,train,val
train_Tuberculosis-436.png,Tuberculosis-436,train,test
train_Tuberculosis-561.png,Tuberculosis-561,train,train
train_Tuberculosis-458.png,Tuberculosis-458,train,test
train_Tuberculosis-498.png,Tuberculosis-498,train,test
train_Tuberculosis-519.png,Tuberculosis-519,test,train
train_Tuberculosis-481.png,Tuberculosis-481,train,train
train_Tuberculosis-520.png,Tuberculosis-520,train,test
train_Tuberculosis-506.png,Tuberculosis-506,train,train
train_Tuberculosis-484.png,Tuberculosis-484,test,test
train_Tuberculosis-46.png,Tuberculosis-46,train,test
train_Tuberculosis-402.png,Tuberculosis-402,train,train
train_Tuberculosis-467.png,Tuberculosis-467,test,train
train_Tuberculosis-523.png,Tuberculosis-523,train,test
train_Tuberculosis-491.png,Tuberculosis-491,train,train
train_Tuberculosis-537.png,Tuberculosis-537,train,train
train_Tuberculosis-507.png,Tuberculosis-507,train,train
train_Tuberculosis-425.png,Tuberculosis-425,train,train
train_Tuberculosis-398.png,Tuberculosis-398,train,train
train_Tuberculosis-417.png,Tuberculosis-417,test,train
train_Tuberculosis-517.png,Tuberculosis-517,train,train
train_Tuberculosis-532.png,Tuberculosis-532,train,test
train_Tuberculosis-596.png,Tuberculosis-596,train,train
train_augmented_Tuberculosis-103_0_5166.jpeg,Tuberculosis-103,test,train
train_Tuberculosis-600.png,Tuberculosis-600,test,train
train_Tuberculosis-646.png,Tuberculosis-646,train,train
train_Tuberculosis-63.png,Tuberculosis-63,train,train
train_augmented_Tuberculosis-106_0_6167.jpeg,Tuberculosis-106,train,val
train_Tuberculosis-94.png,Tuberculosis-94,train,val
train_Tuberculosis-631.png,Tuberculosis-631,train,train
train_Tuberculosis-632.png,Tuberculosis-632,train,val
train_augmented_Tuberculosis-105_0_4052.jpeg,Tuberculosis-105,train,train
train_Tuberculosis-633.png,Tuberculosis-633,train,test
train_Tuberculosis-73.png,Tuberculosis-73,train,train
train_Tuberculosis-603.png,Tuberculosis-603,train,val
train_Tuberculosis-649.png,Tuberculosis-649,train,train
train_Tuberculosis-618.png,Tuberculosis-618,val,train
train_augmented_Tuberculosis-113_0_4002.jpeg,Tuberculosis-113,train,train
train_Tuberculosis-80.png,Tuberculosis-80,test,test
train_augmented_Tuberculosis-10_0_719.jpeg,Tuberculosis-10,train,test
train_augmented_Tuberculosis-115_0_1614.jpeg,Tuberculosis-115,val,train
train_Tuberculosis-577.png,Tuberculosis-577,train,test
train_Tuberculosis-648.png,Tuberculosis-648,train,train
train_augmented_Tuberculosis-117_0_716.jpeg,Tuberculosis-117,train,test
train_Tuberculosis-636.png,Tuberculosis-636,val,train
train_Tuberculosis-75.png,Tuberculosis-75,test,train
train_Tuberculosis-571.png,Tuberculosis-571,test,val
train_Tuberculosis-604.png,Tuberculosis-604,train,train
train_Tuberculosis-642.png,Tuberculosis-642,train,train
train_Tuberculosis-60.png,Tuberculosis-60,test,train
train_Tuberculosis-611.png,Tuberculosis-611,train,train
train_augmented_Tuberculosis-101_0_5419.jpeg,Tuberculosis-101,val,test
train_Tuberculosis-613.png,Tuberculosis-613,train,train
train_augmented_Tuberculosis-105_0_4182.jpeg,Tuberculosis-105,train,train
train_Tuberculosis-86.png,Tuberculosis-86,test,train
train_Tuberculosis-87.png,Tuberculosis-87,train,test
train_augmented_Tuberculosis-100_0_892.jpeg,Tuberculosis-100,train,train
train_Tuberculosis-580.png,Tuberculosis-580,train,train
train_augmented_Tuberculosis-115_0_978.jpeg,Tuberculosis-115,test,train
train_augmented_Tuberculosis-112_0_2395.jpeg,Tuberculosis-112,test,train
train_Tuberculosis-592.png,Tuberculosis-592,train,test
train_Tuberculosis-59.png,Tuberculosis-59,train,train
train_Tuberculosis-634.png,Tuberculosis-634,train,train
train_Tuberculosis-77.png,Tuberculosis-77,train,test
train_Tuberculosis-597.png,Tuberculosis-597,train,train
train_Tuberculosis-599.png,Tuberculosis-599,train,train
train_Tuberculosis-65.png,Tuberculosis-65,train,train
train_augmented_Tuberculosis-109_0_9478.jpeg,Tuberculosis-109,train,train
train_augmented_Tuberculosis-10_0_4814.jpeg,Tuberculosis-10,train,test
train_Tuberculosis-628.png,Tuberculosis-628,train,val
train_Tuberculosis-575.png,Tuberculosis-575,train,test
train_Tuberculosis-619.png,Tuberculosis-619,train,train
train_augmented_Tuberculosis-102_0_5668.jpeg,Tuberculosis-102,train,val
train_augmented_Tuberculosis-115_0_3582.jpeg,Tuberculosis-115,train,train
train_Tuberculosis-83.png,Tuberculosis-83,val,train
train_augmented_Tuberculosis-112_0_2661.jpeg,Tuberculosis-112,train,train
train_Tuberculosis-97.png,Tuberculosis-97,test,test
train_Tuberculosis-74.png,Tuberculosis-74,train,train
train_augmented_Tuberculosis-108_0_8012.jpeg,Tuberculosis-108,train,train
train_Tuberculosis-593.png,Tuberculosis-593,train,train
train_augmented_Tuberculosis-108_0_1585.jpeg,Tuberculosis-108,val,train
train_augmented_Tuberculosis-103_0_3340.jpeg,Tuberculosis-103,train,train
train_augmented_Tuberculosis-113_0_8834.jpeg,Tuberculosis-113,train,train
train_Tuberculosis-573.png,Tuberculosis-573,train,train
train_Tuberculosis-6.png,Tuberculosis-6,train,test
train_Tuberculosis-582.png,Tuberculosis-582,train,train
train_Tuberculosis-95.png,Tuberculosis-95,test,train
train_augmented_Tuberculosis-117_0_4609.jpeg,Tuberculosis-117,train,test
train_Tuberculosis-62.png,Tuberculosis-62,train,train
train_augmented_Tuberculosis-101_0_90.jpeg,Tuberculosis-101,train,test
train_augmented_Tuberculosis-118_0_5290.jpeg,Tuberculosis-118,test,train
train_Tuberculosis-98.png,Tuberculosis-98,train,train
train_Tuberculosis-583.png,Tuberculosis-583,train,train
train_augmented_Tuberculosis-108_0_7184.jpeg,Tuberculosis-108,train,train
train_Tuberculosis-579.png,Tuberculosis-579,test,test
train_augmented_Tuberculosis-102_0_4743.jpeg,Tuberculosis-102,train,val
train_Tuberculosis-66.png,Tuberculosis-66,train,train
train_Tuberculosis-587.png,Tuberculosis-587,val,train
train_Tuberculosis-67.png,Tuberculosis-67,train,val
train_Tuberculosis-578.png,Tuberculosis-578,test,train
train_augmented_Tuberculosis-106_0_1500.jpeg,Tuberculosis-106,val,val
train_augmented_Tuberculosis-111_0_5193.jpeg,Tuberculosis-111,train,val
train_Tuberculosis-69.png,Tuberculosis-69,train,train
train_augmented_Tuberculosis-101_0_6751.jpeg,Tuberculosis-101,test,test
train_Tuberculosis-614.png,Tuberculosis-614,train,test
train_Tuberculosis-629.png,Tuberculosis-629,train,train
train_augmented_Tuberculosis-109_0_8947.jpeg,Tuberculosis-109,test,train
train_Tuberculosis-9.png,Tuberculosis-9,train,val
train_Tuberculosis-590.png,Tuberculosis-590,train,train
train_Tuberculosis-84.png,Tuberculosis-84,train,train
train_Tuberculosis-623.png,Tuberculosis-623,test,train
train_augmented_Tuberculosis-107_0_9154.jpeg,Tuberculosis-107,train,train
train_Tuberculosis-644.png,Tuberculosis-644,train,train
train_Tuberculosis-641.png,Tuberculosis-641,train,test
train_Tuberculosis-630.png,Tuberculosis-630,train,test
train_augmented_Tuberculosis-104_0_5904.jpeg,Tuberculosis-104,train,train
train_Tuberculosis-8.png,Tuberculosis-8,train,test
train_augmented_Tuberculosis-116_0_5949.jpeg,Tuberculosis-116,train,test
train_Tuberculosis-595.png,Tuberculosis-595,train,test
train_Tuberculosis-621.png,Tuberculosis-621,train,train
train_Tuberculosis-616.png,Tuberculosis-616,train,val
train_augmented_Tuberculosis-100_0_2930.jpeg,Tuberculosis-100,test,train
train_Tuberculosis-615.png,Tuberculosis-615,train,val
train_Tuberculosis-7.png,Tuberculosis-7,train,train
train_Tuberculosis-91.png,Tuberculosis-91,test,train
train_Tuberculosis-612.png,Tuberculosis-612,test,train
train_Tuberculosis-624.png,Tuberculosis-624,test,train
train_Tuberculosis-645.png,Tuberculosis-645,train,test
train_Tuberculosis-92.png,Tuberculosis-92,train,test
train_Tuberculosis-79.png,Tuberculosis-79,test,test
train_Tuberculosis-605.png,Tuberculosis-605,train,val
train_Tuberculosis-643.png,Tuberculosis-643,test,train
train_Tuberculosis-81.png,Tuberculosis-81,test,val
train_Tuberculosis-88.png,Tuberculosis-88,test,train
train_augmented_Tuberculosis-114_0_5770.jpeg,Tuberculosis-114,train,test
train_Tuberculosis-602.png,Tuberculosis-602,train,train
train_Tuberculosis-61.png,Tuberculosis-61,train,train
train_Tuberculosis-647.png,Tuberculosis-647,train,train
train_augmented_Tuberculosis-110_0_3461.jpeg,Tuberculosis-110,val,val
train_Tuberculosis-601.png,Tuberculosis-601,test,train
train_Tuberculosis-99.png,Tuberculosis-99,train,train
train_augmented_Tuberculosis-111_0_3439.jpeg,Tuberculosis-111,test,val
train_Tuberculosis-591.png,Tuberculosis-591,val,test
train_Tuberculosis-606.png,Tuberculosis-606,train,test
train_Tuberculosis-650.png,Tuberculosis-650,train,val
train_Tuberculosis-589.png,Tuberculosis-589,train,train
train_Tuberculosis-586.png,Tuberculosis-586,train,train
train_Tuberculosis-594.png,Tuberculosis-594,train,train
train_Tuberculosis-608.png,Tuberculosis-608,val,train
train_augmented_Tuberculosis-106_0_7820.jpeg,Tuberculosis-106,train,val
train_augmented_Tuberculosis-113_0_5196.jpeg,Tuberculosis-113,test,train
train_augmented_Tuberculosis-118_0_4082.jpeg,Tuberculosis-118,train,train
train_Tuberculosis-639.png,Tuberculosis-639,train,train
train_Tuberculosis-625.png,Tuberculosis-625,test,test
train_Tuberculosis-635.png,Tuberculosis-635,train,test
train_augmented_Tuberculosis-107_0_9553.jpeg,Tuberculosis-107,train,train
train_Tuberculosis-89.png,Tuberculosis-89,train,train
train_Tuberculosis-58.png,Tuberculosis-58,train,train
train_augmented_Tuberculosis-117_0_8903.jpeg,Tuberculosis-117,train,test
train_augmented_Tuberculosis-110_0_8332.jpeg,Tuberculosis-110,train,val
train_augmented_Tuberculosis-104_0_5851.jpeg,Tuberculosis-104,train,train
train_Tuberculosis-588.png,Tuberculosis-588,test,train
train_Tuberculosis-572.png,Tuberculosis-572,train,train
train_Tuberculosis-574.png,Tuberculosis-574,test,test
train_Tuberculosis-82.png,Tuberculosis-82,val,train
train_Tuberculosis-68.png,Tuberculosis-68,train,test
train_augmented_Tuberculosis-103_0_3977.jpeg,Tuberculosis-103,test,train
train_augmented_Tuberculosis-114_0_1285.jpeg,Tuberculosis-114,train,test
train_augmented_Tuberculosis-116_0_9683.jpeg,Tuberculosis-116,train,test
train_Tuberculosis-627.png,Tuberculosis-627,train,train
train_Tuberculosis-640.png,Tuberculosis-640,val,train
train_augmented_Tuberculosis-104_0_5369.jpeg,Tuberculosis-104,train,train
train_Tuberculosis-626.png,Tuberculosis-626,train,train
train_Tuberculosis-90.png,Tuberculosis-90,train,test
train_augmented_Tuberculosis-111_0_6772.jpeg,Tuberculosis-111,train,val
train_augmented_Tuberculosis-112_0_8556.jpeg,Tuberculosis-112,train,train
train_Tuberculosis-71.png,Tuberculosis-71,val,train
train_Tuberculosis-607.png,Tuberculosis-607,train,val
train_augmented_Tuberculosis-109_0_8283.jpeg,Tuberculosis-109,test,train
train_augmented_Tuberculosis-102_0_5477.jpeg,Tuberculosis-102,val,val
train_Tuberculosis-637.png,Tuberculosis-637,train,test
train_Tuberculosis-64.png,Tuberculosis-64,train,train
train_Tuberculosis-598.png,Tuberculosis-598,train,train
train_Tuberculosis-609.png,Tuberculosis-609,val,train
train_Tuberculosis-622.png,Tuberculosis-622,train,train
train_Tuberculosis-70.png,Tuberculosis-70,test,train
train_Tuberculosis-76.png,Tuberculosis-76,train,test
train_Tuberculosis-585.png,Tuberculosis-585,train,test
train_Tuberculosis-617.png,Tuberculosis-617,train,train
train_Tuberculosis-581.png,Tuberculosis-581,train,train
train_augmented_Tuberculosis-100_0_6638.jpeg,Tuberculosis-100,train,train
train_Tuberculosis-78.png,Tuberculosis-78,train,train
train_augmented_Tuberculosis-116_0_9367.jpeg,Tuberculosis-116,train,test
train_Tuberculosis-620.png,Tuberculosis-620,test,train
train_augmented_Tuberculosis-107_0_7326.jpeg,Tuberculosis-107,train,train
train_Tuberculosis-576.png,Tuberculosis-576,train,train
train_augmented_Tuberculosis-118_0_2288.jpeg,Tuberculosis-118,val,train
train_Tuberculosis-96.png,Tuberculosis-96,train,train
train_augmented_Tuberculosis-10_0_8607.jpeg,Tuberculosis-10,train,test
train_Tuberculosis-93.png,Tuberculosis-93,train,train
train_augmented_Tuberculosis-105_0_1546.jpeg,Tuberculosis-105,train,train
train_augmented_Tuberculosis-110_0_8477.jpeg,Tuberculosis-110,train,val
train_Tuberculosis-610.png,Tuberculosis-610,train,train
train_Tuberculosis-638.png,Tuberculosis-638,test,test
train_augmented_Tuberculosis-114_0_4904.jpeg,Tuberculosis-114,train,test
train_Tuberculosis-72.png,Tuberculosis-72,train,train
train_Tuberculosis-584.png,Tuberculosis-584,test,train
train_Tuberculosis-85.png,Tuberculosis-85,test,train
train_augmented_Tuberculosis-130_0_7568.jpeg,Tuberculosis-130,train,test
train_augmented_Tuberculosis-135_0_8104.jpeg,Tuberculosis-135,train,train
train_augmented_Tuberculosis-136_0_6465.jpeg,Tuberculosis-136,train,train
train_augmented_Tuberculosis-133_0_2802.jpeg,Tuberculosis-133,train,test
train_augmented_Tuberculosis-123_0_2164.jpeg,Tuberculosis-123,val,test
train_augmented_Tuberculosis-137_0_6717.jpeg,Tuberculosis-137,train,train
train_augmented_Tuberculosis-141_0_4958.jpeg,Tuberculosis-141,train,val
train_augmented_Tuberculosis-120_0_6567.jpeg,Tuberculosis-120,train,train
train_augmented_Tuberculosis-125_0_7148.jpeg,Tuberculosis-125,train,train
train_augmented_Tuberculosis-11_0_5045.jpeg,Tuberculosis-11,train,train
train_augmented_Tuberculosis-11_0_3544.jpeg,Tuberculosis-11,train,train
train_augmented_Tuberculosis-141_0_3138.jpeg,Tuberculosis-141,train,val
train_augmented_Tuberculosis-140_0_9952.jpeg,Tuberculosis-140,train,test
train_augmented_Tuberculosis-136_0_3252.jpeg,Tuberculosis-136,train,train
train_augmented_Tuberculosis-140_0_8311.jpeg,Tuberculosis-140,train,test
train_augmented_Tuberculosis-129_0_4299.jpeg,Tuberculosis-129,train,train
train_augmented_Tuberculosis-123_0_1161.jpeg,Tuberculosis-123,train,test
train_augmented_Tuberculosis-132_0_4571.jpeg,Tuberculosis-132,train,test
train_augmented_Tuberculosis-131_0_8828.jpeg,Tuberculosis-131,train,test
train_augmented_Tuberculosis-120_0_7431.jpeg,Tuberculosis-120,train,train
train_augmented_Tuberculosis-131_0_9984.jpeg,Tuberculosis-131,train,test
train_augmented_Tuberculosis-121_0_2865.jpeg,Tuberculosis-121,train,train
train_augmented_Tuberculosis-127_0_4428.jpeg,Tuberculosis-127,train,train
train_augmented_Tuberculosis-128_0_5598.jpeg,Tuberculosis-128,train,test
train_augmented_Tuberculosis-124_0_8813.jpeg,Tuberculosis-124,test,train
train_augmented_Tuberculosis-127_0_1372.jpeg,Tuberculosis-127,train,train
train_augmented_Tuberculosis-122_0_7319.jpeg,Tuberculosis-122,train,test
train_augmented_Tuberculosis-119_0_9503.jpeg,Tuberculosis-119,train,train
train_augmented_Tuberculosis-140_0_9315.jpeg,Tuberculosis-140,train,test
train_augmented_Tuberculosis-13_0_6982.jpeg,Tuberculosis-13,train,train
train_augmented_Tuberculosis-120_0_4536.jpeg,Tuberculosis-120,train,train
train_augmented_Tuberculosis-134_0_6243.jpeg,Tuberculosis-134,val,train
train_augmented_Tuberculosis-13_0_7592.jpeg,Tuberculosis-13,val,train
train_augmented_Tuberculosis-12_0_8834.jpeg,Tuberculosis-12,train,train
train_augmented_Tuberculosis-12_0_4041.jpeg,Tuberculosis-12,train,train
train_augmented_Tuberculosis-135_0_233.jpeg,Tuberculosis-135,train,train
train_augmented_Tuberculosis-121_0_7789.jpeg,Tuberculosis-121,test,train
train_augmented_Tuberculosis-123_0_9165.jpeg,Tuberculosis-123,train,test
train_augmented_Tuberculosis-136_0_9601.jpeg,Tuberculosis-136,train,train
train_augmented_Tuberculosis-139_0_2927.jpeg,Tuberculosis-139,train,train
train_augmented_Tuberculosis-133_0_3485.jpeg,Tuberculosis-133,test,test
train_augmented_Tuberculosis-124_0_3444.jpeg,Tuberculosis-124,train,train
train_augmented_Tuberculosis-122_0_9188.jpeg,Tuberculosis-122,train,test
train_augmented_Tuberculosis-132_0_304.jpeg,Tuberculosis-132,train,test
train_augmented_Tuberculosis-129_0_8214.jpeg,Tuberculosis-129,train,train
train_augmented_Tuberculosis-130_0_2942.jpeg,Tuberculosis-130,train,test
train_augmented_Tuberculosis-138_0_3198.jpeg,Tuberculosis-138,test,train
train_augmented_Tuberculosis-121_0_2716.jpeg,Tuberculosis-121,train,train
train_augmented_Tuberculosis-134_0_2964.jpeg,Tuberculosis-134,test,train
train_augmented_Tuberculosis-131_0_5172.jpeg,Tuberculosis-131,train,test
train_augmented_Tuberculosis-119_0_688.jpeg,Tuberculosis-119,train,train
train_augmented_Tuberculosis-126_0_7297.jpeg,Tuberculosis-126,train,train
train_augmented_Tuberculosis-12_0_4529.jpeg,Tuberculosis-12,test,train
train_augmented_Tuberculosis-130_0_1540.jpeg,Tuberculosis-130,train,test
train_augmented_Tuberculosis-133_0_3853.jpeg,Tuberculosis-133,train,test
train_augmented_Tuberculosis-142_0_7549.jpeg,Tuberculosis-142,train,test
train_augmented_Tuberculosis-125_0_7217.jpeg,Tuberculosis-125,train,train
train_augmented_Tuberculosis-135_0_1971.jpeg,Tuberculosis-135,test,train
train_augmented_Tuberculosis-132_0_3578.jpeg,Tuberculosis-132,train,test
train_augmented_Tuberculosis-137_0_1598.jpeg,Tuberculosis-137,train,train
train_augmented_Tuberculosis-138_0_9554.jpeg,Tuberculosis-138,train,train
train_augmented_Tuberculosis-137_0_8019.jpeg,Tuberculosis-137,val,train
train_augmented_Tuberculosis-122_0_4606.jpeg,Tuberculosis-122,train,test
train_augmented_Tuberculosis-11_0_730.jpeg,Tuberculosis-11,train,train
train_augmented_Tuberculosis-126_0_2262.jpeg,Tuberculosis-126,train,train
train_augmented_Tuberculosis-124_0_5455.jpeg,Tuberculosis-124,test,train
train_augmented_Tuberculosis-126_0_1406.jpeg,Tuberculosis-126,test,train
train_augmented_Tuberculosis-134_0_3172.jpeg,Tuberculosis-134,test,train
train_augmented_Tuberculosis-129_0_1955.jpeg,Tuberculosis-129,val,train
train_augmented_Tuberculosis-143_0_3021.jpeg,Tuberculosis-143,train,train
train_augmented_Tuberculosis-142_0_1861.jpeg,Tuberculosis-142,test,test
train_augmented_Tuberculosis-128_0_689.jpeg,Tuberculosis-128,train,test
train_augmented_Tuberculosis-128_0_2765.jpeg,Tuberculosis-128,train,test
train_augmented_Tuberculosis-119_0_1227.jpeg,Tuberculosis-119,val,train
train_augmented_Tuberculosis-139_0_1657.jpeg,Tuberculosis-139,train,train
train_augmented_Tuberculosis-138_0_2118.jpeg,Tuberculosis-138,train,train
train_augmented_Tuberculosis-142_0_6751.jpeg,Tuberculosis-142,test,test
train_augmented_Tuberculosis-127_0_2979.jpeg,Tuberculosis-127,train,train
train_augmented_Tuberculosis-13_0_5244.jpeg,Tuberculosis-13,train,train
train_augmented_Tuberculosis-139_0_7009.jpeg,Tuberculosis-139,train,train
train_augmented_Tuberculosis-141_0_521.jpeg,Tuberculosis-141,train,val
train_augmented_Tuberculosis-125_0_1308.jpeg,Tuberculosis-125,train,train
train_augmented_Tuberculosis-148_0_8947.jpeg,Tuberculosis-148,val,train
train_augmented_Tuberculosis-146_0_6157.jpeg,Tuberculosis-146,train,test
train_augmented_Tuberculosis-154_0_9249.jpeg,Tuberculosis-154,test,train
train_augmented_Tuberculosis-164_0_8700.jpeg,Tuberculosis-164,test,train
train_augmented_Tuberculosis-151_0_2656.jpeg,Tuberculosis-151,train,test
train_augmented_Tuberculosis-157_0_8704.jpeg,Tuberculosis-157,train,train
train_augmented_Tuberculosis-161_0_3979.jpeg,Tuberculosis-161,test,train
train_augmented_Tuberculosis-167_0_5493.jpeg,Tuberculosis-167,train,train
train_augmented_Tuberculosis-168_0_6058.jpeg,Tuberculosis-168,train,train
train_augmented_Tuberculosis-167_0_4159.jpeg,Tuberculosis-167,train,train
train_augmented_Tuberculosis-147_0_6112.jpeg,Tuberculosis-147,test,test
train_augmented_Tuberculosis-146_0_9160.jpeg,Tuberculosis-146,val,test
train_augmented_Tuberculosis-15_0_5143.jpeg,Tuberculosis-15,test,train
train_augmented_Tuberculosis-143_0_708.jpeg,Tuberculosis-143,val,train
train_augmented_Tuberculosis-155_0_1025.jpeg,Tuberculosis-155,test,val
train_augmented_Tuberculosis-160_0_6825.jpeg,Tuberculosis-160,train,train
train_augmented_Tuberculosis-154_0_5847.jpeg,Tuberculosis-154,train,train
train_augmented_Tuberculosis-165_0_2565.jpeg,Tuberculosis-165,val,train
train_augmented_Tuberculosis-158_0_2150.jpeg,Tuberculosis-158,test,train
train_augmented_Tuberculosis-159_0_5281.jpeg,Tuberculosis-159,train,train
train_augmented_Tuberculosis-163_0_8486.jpeg,Tuberculosis-163,test,train
train_augmented_Tuberculosis-162_0_1518.jpeg,Tuberculosis-162,test,train
train_augmented_Tuberculosis-14_0_5425.jpeg,Tuberculosis-14,test,train
train_augmented_Tuberculosis-166_0_5961.jpeg,Tuberculosis-166,test,train
train_augmented_Tuberculosis-167_0_7556.jpeg,Tuberculosis-167,test,train
train_augmented_Tuberculosis-152_0_9716.jpeg,Tuberculosis-152,train,train
train_augmented_Tuberculosis-147_0_7003.jpeg,Tuberculosis-147,train,test
train_augmented_Tuberculosis-149_0_7627.jpeg,Tuberculosis-149,val,train
train_augmented_Tuberculosis-155_0_5481.jpeg,Tuberculosis-155,train,val
train_augmented_Tuberculosis-150_0_5201.jpeg,Tuberculosis-150,train,train
train_augmented_Tuberculosis-160_0_898.jpeg,Tuberculosis-160,train,train
train_augmented_Tuberculosis-164_0_9787.jpeg,Tuberculosis-164,train,train
train_augmented_Tuberculosis-15_0_780.jpeg,Tuberculosis-15,train,train
train_augmented_Tuberculosis-14_0_4268.jpeg,Tuberculosis-14,train,train
train_augmented_Tuberculosis-161_0_2969.jpeg,Tuberculosis-161,train,train
train_augmented_Tuberculosis-151_0_6878.jpeg,Tuberculosis-151,train,test
train_augmented_Tuberculosis-158_0_4817.jpeg,Tuberculosis-158,train,train
train_augmented_Tuberculosis-159_0_9631.jpeg,Tuberculosis-159,train,train
train_augmented_Tuberculosis-159_0_2021.jpeg,Tuberculosis-159,val,train
train_augmented_Tuberculosis-14_0_5325.jpeg,Tuberculosis-14,test,train
train_augmented_Tuberculosis-15_0_5623.jpeg,Tuberculosis-15,train,train
train_augmented_Tuberculosis-162_0_5934.jpeg,Tuberculosis-162,train,train
train_augmented_Tuberculosis-150_0_6281.jpeg,Tuberculosis-150,val,train
train_augmented_Tuberculosis-168_0_5765.jpeg,Tuberculosis-168,train,train
train_augmented_Tuberculosis-165_0_251.jpeg,Tuberculosis-165,train,train
train_augmented_Tuberculosis-144_0_5584.jpeg,Tuberculosis-144,train,train
train_augmented_Tuberculosis-149_0_3140.jpeg,Tuberculosis-149,test,train
train_augmented_Tuberculosis-152_0_2041.jpeg,Tuberculosis-152,train,train
train_augmented_Tuberculosis-156_0_9435.jpeg,Tuberculosis-156,train,train
train_augmented_Tuberculosis-146_0_1563.jpeg,Tuberculosis-146,train,test
train_augmented_Tuberculosis-158_0_9624.jpeg,Tuberculosis-158,train,train
train_augmented_Tuberculosis-166_0_4313.jpeg,Tuberculosis-166,train,train
train_augmented_Tuberculosis-166_0_8963.jpeg,Tuberculosis-166,train,train
train_augmented_Tuberculosis-163_0_4722.jpeg,Tuberculosis-163,test,train
train_augmented_Tuberculosis-154_0_6209.jpeg,Tuberculosis-154,test,train
train_augmented_Tuberculosis-145_0_4828.jpeg,Tuberculosis-145,train,train
train_augmented_Tuberculosis-165_0_7184.jpeg,Tuberculosis-165,train,train
train_augmented_Tuberculosis-153_0_9967.jpeg,Tuberculosis-153,train,train
train_augmented_Tuberculosis-161_0_9173.jpeg,Tuberculosis-161,train,train
train_augmented_Tuberculosis-156_0_1927.jpeg,Tuberculosis-156,train,train
train_augmented_Tuberculosis-143_0_7749.jpeg,Tuberculosis-143,train,train
train_augmented_Tuberculosis-160_0_9864.jpeg,Tuberculosis-160,val,train
train_augmented_Tuberculosis-164_0_6511.jpeg,Tuberculosis-164,train,train
train_augmented_Tuberculosis-163_0_912.jpeg,Tuberculosis-163,train,train
train_augmented_Tuberculosis-157_0_3431.jpeg,Tuberculosis-157,train,train
train_augmented_Tuberculosis-144_0_5956.jpeg,Tuberculosis-144,train,train
train_augmented_Tuberculosis-156_0_5599.jpeg,Tuberculosis-156,train,train
train_augmented_Tuberculosis-155_0_1812.jpeg,Tuberculosis-155,train,val
train_augmented_Tuberculosis-153_0_2264.jpeg,Tuberculosis-153,train,train
train_augmented_Tuberculosis-151_0_5737.jpeg,Tuberculosis-151,val,test
train_augmented_Tuberculosis-144_0_1291.jpeg,Tuberculosis-144,train,train
train_augmented_Tuberculosis-147_0_4166.jpeg,Tuberculosis-147,train,test
train_augmented_Tuberculosis-145_0_6793.jpeg,Tuberculosis-145,train,train
train_augmented_Tuberculosis-148_0_6785.jpeg,Tuberculosis-148,train,train
train_augmented_Tuberculosis-150_0_5306.jpeg,Tuberculosis-150,train,train
train_augmented_Tuberculosis-145_0_2752.jpeg,Tuberculosis-145,test,train
train_augmented_Tuberculosis-152_0_5688.jpeg,Tuberculosis-152,train,train
train_augmented_Tuberculosis-162_0_9593.jpeg,Tuberculosis-162,train,train
train_augmented_Tuberculosis-149_0_7670.jpeg,Tuberculosis-149,train,train
train_augmented_Tuberculosis-148_0_5592.jpeg,Tuberculosis-148,train,train
train_augmented_Tuberculosis-157_0_1620.jpeg,Tuberculosis-157,train,train
train_augmented_Tuberculosis-153_0_3877.jpeg,Tuberculosis-153,test,train
train_augmented_Tuberculosis-185_0_1107.jpeg,Tuberculosis-185,test,val
train_augmented_Tuberculosis-186_0_5057.jpeg,Tuberculosis-186,train,train
train_augmented_Tuberculosis-181_0_4966.jpeg,Tuberculosis-181,train,test
train_augmented_Tuberculosis-191_0_3114.jpeg,Tuberculosis-191,train,val
train_augmented_Tuberculosis-172_0_9061.jpeg,Tuberculosis-172,test,train
train_augmented_Tuberculosis-175_0_707.jpeg,Tuberculosis-175,train,train
train_augmented_Tuberculosis-186_0_6225.jpeg,Tuberculosis-186,test,train
train_augmented_Tuberculosis-189_0_1575.jpeg,Tuberculosis-189,test,train
train_augmented_Tuberculosis-179_0_5205.jpeg,Tuberculosis-179,train,test
train_augmented_Tuberculosis-18_0_6717.jpeg,Tuberculosis-18,train,train
train_augmented_Tuberculosis-193_0_1741.jpeg,Tuberculosis-193,val,train
train_augmented_Tuberculosis-16_0_1298.jpeg,Tuberculosis-16,train,test
train_augmented_Tuberculosis-169_0_2758.jpeg,Tuberculosis-169,test,train
train_augmented_Tuberculosis-17_0_2633.jpeg,Tuberculosis-17,test,train
train_augmented_Tuberculosis-171_0_4512.jpeg,Tuberculosis-171,train,val
train_augmented_Tuberculosis-177_0_4692.jpeg,Tuberculosis-177,val,train
train_augmented_Tuberculosis-182_0_3917.jpeg,Tuberculosis-182,val,train
train_augmented_Tuberculosis-189_0_9633.jpeg,Tuberculosis-189,train,train
train_augmented_Tuberculosis-187_0_1307.jpeg,Tuberculosis-187,train,train
train_augmented_Tuberculosis-177_0_635.jpeg,Tuberculosis-177,val,train
train_augmented_Tuberculosis-191_0_8736.jpeg,Tuberculosis-191,train,val
train_augmented_Tuberculosis-187_0_2820.jpeg,Tuberculosis-187,train,train
train_augmented_Tuberculosis-170_0_3229.jpeg,Tuberculosis-170,train,train
train_augmented_Tuberculosis-188_0_8330.jpeg,Tuberculosis-188,train,train
test_augmented_Tuberculosis-666_0_1131.jpeg,Tuberculosis-666,train,train
test_augmented_Tuberculosis-662_0_7164.jpeg,Tuberculosis-662,train,train
test_augmented_Tuberculosis-664_0_2127.jpeg,Tuberculosis-664,train,train
test_augmented_Tuberculosis-663_0_8843.jpeg,Tuberculosis-663,test,train
test_Tuberculosis-666.png,Tuberculosis-666,test,train
test_Tuberculosis-664.png,Tuberculosis-664,train,train
test_Tuberculosis-698.png,Tuberculosis-698,val,train
test_augmented_Tuberculosis-665_0_1373.jpeg,Tuberculosis-665,val,train
test_Tuberculosis-679.png,Tuberculosis-679,test,train
test_Tuberculosis-681.png,Tuberculosis-681,train,train
test_augmented_Tuberculosis-661_0_7714.jpeg,Tuberculosis-661,train,train
test_Tuberculosis-684.png,Tuberculosis-684,train,train
test_Tuberculosis-685.png,Tuberculosis-685,train,train
test_augmented_Tuberculosis-665_0_3443.jpeg,Tuberculosis-665,train,train
test_augmented_Tuberculosis-660_0_5976.jpeg,Tuberculosis-660,train,train
test_augmented_Tuberculosis-663_0_7335.jpeg,Tuberculosis-663,train,train
test_Tuberculosis-700.png,Tuberculosis-700,test,train
test_Tuberculosis-678.png,Tuberculosis-678,test,train
test_Tuberculosis-671.png,Tuberculosis-671,train,train
test_augmented_Tuberculosis-661_0_368.jpeg,Tuberculosis-661,train,train
test_augmented_Tuberculosis-660_0_1016.jpeg,Tuberculosis-660,test,train
test_Tuberculosis-688.png,Tuberculosis-688,test,train
test_augmented_Tuberculosis-661_0_1337.jpeg,Tuberculosis-661,train,train
test_Tuberculosis-675.png,Tuberculosis-675,val,train
test_Tuberculosis-695.png,Tuberculosis-695,test,train
test_Tuberculosis-672.png,Tuberculosis-672,test,train
test_augmented_Tuberculosis-665_0_6544.jpeg,Tuberculosis-665,train,train
test_augmented_Tuberculosis-665_0_6550.jpeg,Tuberculosis-665,test,train
test_augmented_Tuberculosis-661_0_5464.jpeg,Tuberculosis-661,train,train
test_Tuberculosis-696.png,Tuberculosis-696,test,train
test_augmented_Tuberculosis-661_0_4085.jpeg,Tuberculosis-661,val,train
test_Tuberculosis-676.png,Tuberculosis-676,test,train
test_Tuberculosis-663.png,Tuberculosis-663,train,train
test_augmented_Tuberculosis-663_0_7710.jpeg,Tuberculosis-663,train,train
test_Tuberculosis-686.png,Tuberculosis-686,train,train
test_augmented_Tuberculosis-660_0_7531.jpeg,Tuberculosis-660,train,train
test_Tuberculosis-667.png,Tuberculosis-667,train,train
test_Tuberculosis-682.png,Tuberculosis-682,train,train
test_augmented_Tuberculosis-664_0_4690.jpeg,Tuberculosis-664,train,train
test_augmented_Tuberculosis-665_0_3552.jpeg,Tuberculosis-665,train,train
test_Tuberculosis-692.png,Tuberculosis-692,test,train
test_Tuberculosis-662.png,Tuberculosis-662,train,train
test_augmented_Tuberculosis-660_0_5613.jpeg,Tuberculosis-660,test,train
test_augmented_Tuberculosis-664_0_2819.jpeg,Tuberculosis-664,train,train
test_Tuberculosis-683.png,Tuberculosis-683,train,train
test_augmented_Tuberculosis-663_0_6123.jpeg,Tuberculosis-663,train,train
test_Tuberculosis-673.png,Tuberculosis-673,test,train
test_Tuberculosis-670.png,Tuberculosis-670,train,train
test_augmented_Tuberculosis-664_0_6274.jpeg,Tuberculosis-664,train,train
test_augmented_Tuberculosis-663_0_4585.jpeg,Tuberculosis-663,train,train
test_Tuberculosis-665.png,Tuberculosis-665,test,train
test_Tuberculosis-661.png,Tuberculosis-661,train,train
test_augmented_Tuberculosis-660_0_3183.jpeg,Tuberculosis-660,train,train
test_augmented_Tuberculosis-662_0_4892.jpeg,Tuberculosis-662,train,train
test_augmented_Tuberculosis-662_0_9697.jpeg,Tuberculosis-662,train,train
test_Tuberculosis-699.png,Tuberculosis-699,train,train
test_Tuberculosis-693.png,Tuberculosis-693,train,train
test_augmented_Tuberculosis-662_0_6769.jpeg,Tuberculosis-662,train,train
test_Tuberculosis-677.png,Tuberculosis-677,train,train
test_augmented_Tuberculosis-664_0_3231.jpeg,Tuberculosis-664,val,train
test_Tuberculosis-687.png,Tuberculosis-687,train,train
test_Tuberculosis-660.png,Tuberculosis-660,train,train
test_augmented_Tuberculosis-665_0_2146.jpeg,Tuberculosis-665,train,train
test_augmented_Tuberculosis-661_0_8749.jpeg,Tuberculosis-661,train,train
test_augmented_Tuberculosis-664_0_7106.jpeg,Tuberculosis-664,train,train
test_Tuberculosis-689.png,Tuberculosis-689,test,train
test_augmented_Tuberculosis-663_0_8641.jpeg,Tuberculosis-663,train,train
test_Tuberculosis-691.png,Tuberculosis-691,test,train
test_Tuberculosis-669.png,Tuberculosis-669,train,train
test_augmented_Tuberculosis-662_0_9940.jpeg,Tuberculosis-662,test,train
test_Tuberculosis-694.png,Tuberculosis-694,train,train
test_augmented_Tuberculosis-662_0_40.jpeg,Tuberculosis-662,train,train
test_augmented_Tuberculosis-660_0_8149.jpeg,Tuberculosis-660,train,train
test_Tuberculosis-690.png,Tuberculosis-690,train,train
test_Tuberculosis-674.png,Tuberculosis-674,test,train
test_Tuberculosis-668.png,Tuberculosis-668,train,train
test_Tuberculosis-680.png,Tuberculosis-680,val,train
test_Tuberculosis-697.png,Tuberculosis-697,train,train
test_augmented_Tuberculosis-686_0_7102.jpeg,Tuberculosis-686,train,train
test_augmented_Tuberculosis-682_0_8758.jpeg,Tuberculosis-682,train,train
test_augmented_Tuberculosis-692_0_2705.jpeg,Tuberculosis-692,train,train
test_augmented_Tuberculosis-674_0_4349.jpeg,Tuberculosis-674,val,train
test_augmented_Tuberculosis-678_0_3526.jpeg,Tuberculosis-678,train,train
test_augmented_Tuberculosis-675_0_5380.jpeg,Tuberculosis-675,train,train
test_augmented_Tuberculosis-684_0_3418.jpeg,Tuberculosis-684,train,train
test_augmented_Tuberculosis-673_0_3302.jpeg,Tuberculosis-673,train,train
test_augmented_Tuberculosis-674_0_7734.jpeg,Tuberculosis-674,test,train
test_augmented_Tuberculosis-680_0_8935.jpeg,Tuberculosis-680,test,train
test_augmented_Tuberculosis-675_0_9463.jpeg,Tuberculosis-675,test,train
test_augmented_Tuberculosis-669_0_3023.jpeg,Tuberculosis-669,val,train
test_augmented_Tuberculosis-690_0_1694.jpeg,Tuberculosis-690,test,train
test_augmented_Tuberculosis-688_0_6735.jpeg,Tuberculosis-688,val,train
test_augmented_Tuberculosis-692_0_5326.jpeg,Tuberculosis-692,train,train
test_augmented_Tuberculosis-691_0_5351.jpeg,Tuberculosis-691,train,train
test_augmented_Tuberculosis-699_0_6103.jpeg,Tuberculosis-699,train,train
test_augmented_Tuberculosis-672_0_8561.jpeg,Tuberculosis-672,train,train
test_augmented_Tuberculosis-677_0_568.jpeg,Tuberculosis-677,val,train
test_augmented_Tuberculosis-672_0_2064.jpeg,Tuberculosis-672,test,train
test_augmented_Tuberculosis-678_0_6779.jpeg,Tuberculosis-678,val,train
test_augmented_Tuberculosis-685_0_8960.jpeg,Tuberculosis-685,train,train
test_augmented_Tuberculosis-677_0_8771.jpeg,Tuberculosis-677,train,train
test_augmented_Tuberculosis-699_0_1575.jpeg,Tuberculosis-699,test,train
test_augmented_Tuberculosis-675_0_3716.jpeg,Tuberculosis-675,train,train
test_augmented_Tuberculosis-682_0_6600.jpeg,Tuberculosis-682,test,train
test_augmented_Tuberculosis-698_0_6598.jpeg,Tuberculosis-698,test,train
test_augmented_Tuberculosis-682_0_5078.jpeg,Tuberculosis-682,val,train
test_augmented_Tuberculosis-698_0_6998.jpeg,Tuberculosis-698,train,train
test_augmented_Tuberculosis-676_0_3440.jpeg,Tuberculosis-676,train,train
test_augmented_Tuberculosis-688_0_2174.jpeg,Tuberculosis-688,train,train
test_augmented_Tuberculosis-692_0_2382.jpeg,Tuberculosis-692,train,train
test_augmented_Tuberculosis-666_0_2394.jpeg,Tuberculosis-666,train,train
test_augmented_Tuberculosis-685_0_2966.jpeg,Tuberculosis-685,train,train
test_augmented_Tuberculosis-679_0_2126.jpeg,Tuberculosis-679,test,train
test_augmented_Tuberculosis-671_0_9887.jpeg,Tuberculosis-671,test,train
test_augmented_Tuberculosis-691_0_144.jpeg,Tuberculosis-691,train,train
test_augmented_Tuberculosis-686_0_8341.jpeg,Tuberculosis-686,train,train
test_augmented_Tuberculosis-695_0_5522.jpeg,Tuberculosis-695,test,train
test_augmented_Tuberculosis-667_0_8105.jpeg,Tuberculosis-667,test,train
test_augmented_Tuberculosis-692_0_4272.jpeg,Tuberculosis-692,test,train
test_augmented_Tuberculosis-673_0_538.jpeg,Tuberculosis-673,train,train
test_augmented_Tuberculosis-686_0_3817.jpeg,Tuberculosis-686,train,train
test_augmented_Tuberculosis-668_0_1391.jpeg,Tuberculosis-668,train,train
test_augmented_Tuberculosis-686_0_9450.jpeg,Tuberculosis-686,test,train
test_augmented_Tuberculosis-690_0_5040.jpeg,Tuberculosis-690,train,train
test_augmented_Tuberculosis-669_0_74.jpeg,Tuberculosis-669,train,train
test_augmented_Tuberculosis-670_0_9405.jpeg,Tuberculosis-670,train,train
test_augmented_Tuberculosis-684_0_8639.jpeg,Tuberculosis-684,train,train
test_augmented_Tuberculosis-672_0_1708.jpeg,Tuberculosis-672,train,train
test_augmented_Tuberculosis-669_0_6834.jpeg,Tuberculosis-669,test,train
test_augmented_Tuberculosis-687_0_5218.jpeg,Tuberculosis-687,train,train
test_augmented_Tuberculosis-696_0_6258.jpeg,Tuberculosis-696,train,train
test_augmented_Tuberculosis-670_0_1503.jpeg,Tuberculosis-670,train,train
test_augmented_Tuberculosis-678_0_979.jpeg,Tuberculosis-678,train,train
test_augmented_Tuberculosis-672_0_6632.jpeg,Tuberculosis-672,train,train
test_augmented_Tuberculosis-692_0_9268.jpeg,Tuberculosis-692,test,train
test_augmented_Tuberculosis-695_0_9145.jpeg,Tuberculosis-695,test,train
test_augmented_Tuberculosis-674_0_6161.jpeg,Tuberculosis-674,train,train
test_augmented_Tuberculosis-674_0_5357.jpeg,Tuberculosis-674,train,train
test_augmented_Tuberculosis-673_0_5033.jpeg,Tuberculosis-673,train,train
test_augmented_Tuberculosis-668_0_19.jpeg,Tuberculosis-668,train,train
test_augmented_Tuberculosis-682_0_5345.jpeg,Tuberculosis-682,train,train
test_augmented_Tuberculosis-668_0_6005.jpeg,Tuberculosis-668,train,train
test_augmented_Tuberculosis-677_0_6868.jpeg,Tuberculosis-677,train,train
test_augmented_Tuberculosis-680_0_8277.jpeg,Tuberculosis-680,train,train
test_augmented_Tuberculosis-687_0_404.jpeg,Tuberculosis-687,train,train
test_augmented_Tuberculosis-689_0_1553.jpeg,Tuberculosis-689,train,train
test_augmented_Tuberculosis-683_0_3757.jpeg,Tuberculosis-683,train,train
test_augmented_Tuberculosis-671_0_5877.jpeg,Tuberculosis-671,test,train
test_augmented_Tuberculosis-689_0_9714.jpeg,Tuberculosis-689,train,train
test_augmented_Tuberculosis-684_0_4154.jpeg,Tuberculosis-684,test,train
test_augmented_Tuberculosis-679_0_9935.jpeg,Tuberculosis-679,test,train
test_augmented_Tuberculosis-674_0_7417.jpeg,Tuberculosis-674,test,train
test_augmented_Tuberculosis-669_0_2805.jpeg,Tuberculosis-669,train,train
test_augmented_Tuberculosis-667_0_7971.jpeg,Tuberculosis-667,train,train
test_augmented_Tuberculosis-667_0_4341.jpeg,Tuberculosis-667,train,train
test_augmented_Tuberculosis-687_0_9179.jpeg,Tuberculosis-687,train,train
test_augmented_Tuberculosis-676_0_7127.jpeg,Tuberculosis-676,train,train
test_augmented_Tuberculosis-700_0_2977.jpeg,Tuberculosis-700,val,train
test_augmented_Tuberculosis-676_0_9257.jpeg,Tuberculosis-676,train,train
test_augmented_Tuberculosis-685_0_7414.jpeg,Tuberculosis-685,test,train
test_augmented_Tuberculosis-698_0_3557.jpeg,Tuberculosis-698,train,train
test_augmented_Tuberculosis-697_0_9482.jpeg,Tuberculosis-697,train,train
test_augmented_Tuberculosis-679_0_8373.jpeg,Tuberculosis-679,test,train
test_augmented_Tuberculosis-695_0_8406.jpeg,Tuberculosis-695,train,train
test_augmented_Tuberculosis-687_0_1607.jpeg,Tuberculosis-687,train,train
test_augmented_Tuberculosis-694_0_236.jpeg,Tuberculosis-694,train,train
test_augmented_Tuberculosis-680_0_7314.jpeg,Tuberculosis-680,val,train
test_augmented_Tuberculosis-688_0_2582.jpeg,Tuberculosis-688,test,train
test_augmented_Tuberculosis-699_0_2392.jpeg,Tuberculosis-699,test,train
test_augmented_Tuberculosis-689_0_6172.jpeg,Tuberculosis-689,train,train
test_augmented_Tuberculosis-678_0_4944.jpeg,Tuberculosis-678,test,train
test_augmented_Tuberculosis-672_0_7549.jpeg,Tuberculosis-672,test,train
test_augmented_Tuberculosis-698_0_3228.jpeg,Tuberculosis-698,train,train
test_augmented_Tuberculosis-676_0_2247.jpeg,Tuberculosis-676,train,train
test_augmented_Tuberculosis-681_0_8791.jpeg,Tuberculosis-681,train,train
test_augmented_Tuberculosis-695_0_1901.jpeg,Tuberculosis-695,train,train
test_augmented_Tuberculosis-679_0_6951.jpeg,Tuberculosis-679,train,train
test_augmented_Tuberculosis-674_0_1925.jpeg,Tuberculosis-674,train,train
test_augmented_Tuberculosis-692_0_8330.jpeg,Tuberculosis-692,train,train
test_augmented_Tuberculosis-678_0_2402.jpeg,Tuberculosis-678,train,train
test_augmented_Tuberculosis-686_0_9308.jpeg,Tuberculosis-686,train,train
test_augmented_Tuberculosis-695_0_9536.jpeg,Tuberculosis-695,test,train
test_augmented_Tuberculosis-681_0_7035.jpeg,Tuberculosis-681,train,train
test_augmented_Tuberculosis-683_0_4154.jpeg,Tuberculosis-683,train,train
test_augmented_Tuberculosis-670_0_8712.jpeg,Tuberculosis-670,train,train
